Compound,Date,Negative,Neutral,News Station,Positive,Tweet_text
0.3802,Tue Jan 09 20:12:54 +0000 2018,0.0,0.895,@BBC,0.105,"RT @BBCBreakfast: Make sure you 'paws' for this one!

Tomorrow we're speaking to the series producer of BBC One's new documentary Big Cats‚Ä¶"
0.3182,Tue Jan 09 20:10:56 +0000 2018,0.0,0.887,@BBC,0.113,RT @1Xtra: So @iamwill and @bep are putting out a graphic novel with @Marvel and it looks lit üëÄüëÄ https://t.co/WMUvS2Jt0F
0.0,Tue Jan 09 20:10:12 +0000 2018,0.0,1.0,@BBC,0.0,RT @BBCiPlayer: Class Series 1 - watch all episodes. Boxset available until Monday #iplayerit https://t.co/k88nOUX4Wz
0.8316,Tue Jan 09 20:10:00 +0000 2018,0.071,0.586,@BBC,0.343,"RT @bbcthree: ""As long as I'm alive, I feel that he is alive too""

Brave children explain what it's like to have lost a parent. https://t.c‚Ä¶"
0.0772,Tue Jan 09 19:55:09 +0000 2018,0.0,0.929,@BBC,0.071,"A documentary series looking at the challenges facing the new Crown Prince of Saudi Arabia, Mohammed bin Salman.‚Ä¶ https://t.co/D1Isc8rgac"
0.0,Tue Jan 09 19:30:07 +0000 2018,0.0,1.0,@BBC,0.0,üöÄ A Japanese astronaut living on the International Space Station says he's grown 9cm since arriving there 3 weeks a‚Ä¶ https://t.co/gYVBN1eA1c
0.6486,Tue Jan 09 19:00:07 +0000 2018,0.0,0.739,@BBC,0.261,"Giving up fizzy drinks in 2018? If you're dieting, that might be a good idea... üë®‚Äç‚öïÔ∏èüë©‚Äç‚öïÔ∏è 
#TrustMeImADoctor https://t.co/UPyyQw5uwi"
0.4215,Tue Jan 09 18:30:12 +0000 2018,0.0,0.859,@BBC,0.141,"üç≤ Soup is the ultimate budget-friendly supper. All you need are some nice vegetables, stock and a few flavourings.‚Ä¶ https://t.co/M4kyapzn4r"
0.25,Tue Jan 09 18:05:51 +0000 2018,0.0,0.913,@BBC,0.087,"RT @BBCBreakfast: Coconut oil is the latest 'superfood' to be endorsed by bloggers and celebrities, yet it contains more saturated fat than‚Ä¶"
0.0,Tue Jan 09 18:04:16 +0000 2018,0.0,1.0,@BBC,0.0,RT @BBC_Teach: Learn about some of the world's most famous scientists (including Carl Linnaeusüëá) with our new series of 'vlog-style' parody‚Ä¶
0.2263,Tue Jan 09 18:00:02 +0000 2018,0.088,0.783,@BBC,0.129,"üëë The astonishing true story of the first reigning queen of England.

England's Forgotten Queen: The Life and Death‚Ä¶ https://t.co/YO0cKlCXgt"
0.0,Tue Jan 09 17:51:32 +0000 2018,0.0,1.0,@BBC,0.0,RT @BBCAfrica: Snow falls in the Sahara desert https://t.co/mZlD8IKIoL https://t.co/n2M0S4UG8t
0.6478,Tue Jan 09 17:30:05 +0000 2018,0.0,0.694,@BBC,0.306,'Well this I think is one of the more enjoyable parts of the jo...' üòÇhttps://t.co/cQF64ofzMz
0.6369,Tue Jan 09 17:00:14 +0000 2018,0.0,0.756,@BBC,0.244,A selection of the best photos from across and about Africa last week. üì∏ https://t.co/l3V3Zhdd1u https://t.co/MLNOIkiv8c
0.0,Tue Jan 09 16:33:03 +0000 2018,0.0,1.0,@BBC,0.0,Prince Harry and Meghan Markle have visited a community radio station in Brixton. üìª https://t.co/GagmLYEocM https://t.co/OEwlHAeYhy
0.5093,Tue Jan 09 15:00:10 +0000 2018,0.0,0.785,@BBC,0.215,The nominations for this year's Bafta Film Awards have been announced! ‚ú® üé¨ https://t.co/5yAuq8o65r https://t.co/rCkDXxxpZw
0.2023,Tue Jan 09 14:31:03 +0000 2018,0.0,0.924,@BBC,0.076,üé¨üéû Films with female leads were the top three at the box office in 2017. Will Hollywood follow the money in future?‚Ä¶ https://t.co/qfLEvQs4Y0
0.5106,Tue Jan 09 14:00:07 +0000 2018,0.0,0.815,@BBC,0.185,üéßüé∏ Nearly a quarter of the current UK top 40 is made up of tracks credited to more than one artist.‚Ä¶ https://t.co/waVrDMmuTy
0.7845,Tue Jan 09 13:53:31 +0000 2018,0.0,0.753,@BBC,0.247,RT @BBCArchive: Blue Peter has been named the best children's TV programme by experts who have clearly never seen Button Moon. Here's Valer‚Ä¶
-0.1298,Tue Jan 09 13:52:08 +0000 2018,0.135,0.749,@BBC,0.116,RT @BBCWiltshire: One of Longleat's most popular residents has died. Nico was believed to be the oldest silverback gorilla in Europe ü¶ç üò¢ ht‚Ä¶
0.0,Tue Jan 09 13:30:05 +0000 2018,0.0,1.0,@BBC,0.0,"Sporting statue shockers... 

Michael, is that you? ü§î https://t.co/GUJHPqWlmW https://t.co/2vPD9z2FES"
0.0,Tue Jan 09 13:00:10 +0000 2018,0.0,1.0,@BBC,0.0,Feast your mince pies on this Cockney rhyming slang quiz. üëâ https://t.co/JQaEbCQUtZ https://t.co/LpKcYHUJCN
-0.4215,Tue Jan 09 12:37:58 +0000 2018,0.149,0.851,@BBC,0.0,"RT @bbcthree: ""Do you regret keeping him?""

And other things not to say to single parents. https://t.co/CeTGyVVwD0"
0.6705,Tue Jan 09 12:30:03 +0000 2018,0.0,0.756,@BBC,0.244,"The @HairyBikers stuffed aubergines are easy enough to feed a crowd but special enough for a weekend lunch. üçÜüç¥

Ful‚Ä¶ https://t.co/aruvje4KAF"
0.0,Tue Jan 09 12:01:03 +0000 2018,0.0,1.0,@BBC,0.0,Joanna Lumley is to replace Stephen Fry as host of this year's #BAFTAs. ‚ú® üåü üé¨ https://t.co/ae94Exjzfu https://t.co/ZBGk0xjfzt
-0.5574,Tue Jan 09 11:36:03 +0000 2018,0.194,0.806,@BBC,0.0,One of the world's oldest silverback male gorillas has died at Longleat Safari Park. üíî https://t.co/lMrxmoe7kG https://t.co/HIsPtnqJr3
-0.2023,Tue Jan 09 11:13:37 +0000 2018,0.096,0.904,@BBC,0.0,"'A single shower can result in 100,000 plastic particles entering the ocean.'

Why #microbeads are controversial. üëâ‚Ä¶ https://t.co/q7QcOsYT4g"
0.4588,Tue Jan 09 10:52:30 +0000 2018,0.0,0.842,@BBC,0.158,"üé≠üèÜ Natalie Dormer and @LetitiaWright announce nominations for this year's #BAFTAs.

British Academy Film Awards | S‚Ä¶ https://t.co/tOeRYkiCut"
0.0,Tue Jan 09 09:00:05 +0000 2018,0.0,1.0,@BBC,0.0,Do you know the answer? ü§î https://t.co/EpDXFLZv93 https://t.co/wKPZAIkHhR
-0.5423,Tue Jan 09 08:45:47 +0000 2018,0.304,0.696,@BBC,0.0,RT @BBCWorld: Australian animals suffer through extreme heat https://t.co/JYntMzQuoX
-0.4215,Tue Jan 09 08:41:09 +0000 2018,0.149,0.851,@BBC,0.0,"RT @bbcthree: ""Do you regret keeping him?""

And other things not to say to single parents. https://t.co/nEyDAacVxT"
0.802,Tue Jan 09 08:41:02 +0000 2018,0.0,0.754,@BBC,0.246,"RT @BBCOne: SO MUCH LOVE FOR THE WORLD'S SMALLEST CAT! üòç  

üêØ #BigCats, starts Thursday at 8pm on @BBCOne and @BBCiPlayer.
https://t.co/YYQ‚Ä¶"
0.0,Tue Jan 09 08:40:50 +0000 2018,0.0,1.0,@BBC,0.0,RT @BBCNewsEnts: Have a look at who's been nominated for the #Baftas https://t.co/OSkPgdpMAS
0.0,Tue Jan 09 08:40:02 +0000 2018,0.0,1.0,@BBC,0.0,"This man has been reunited with his digital camera following a social media campaign, a year after it was swept awa‚Ä¶ https://t.co/PgZ72xbKdN"
0.0,Tue Jan 09 08:39:48 +0000 2018,0.0,1.0,@BBC,0.0,RT @BBCNewsEnts: #Baftas new host - Joanna Lumley! https://t.co/fXiYK7j8Dn
-0.4588,Tue Jan 09 08:20:04 +0000 2018,0.15,0.85,@BBC,0.0,"ü¶è Between 2007-14, rhino poaching rose 9000%. The very existence of the species is threatened by organised crime.‚Ä¶ https://t.co/MM90i44O8U"
-0.6705,Tue Jan 09 08:00:04 +0000 2018,0.244,0.756,@BBC,0.0,More than half a million tonnes of plastic and other untreated waste is dumped into the Ganges each year. https://t.co/fqsGo3x3F9
0.4404,Tue Jan 09 07:38:04 +0000 2018,0.0,0.892,@BBC,0.108,"It's the time of year to switch your phone off, put the kettle on &amp; get between the covers - of a good book that is‚Ä¶ https://t.co/oUtgWBVBHu"
0.296,Mon Jan 08 21:29:44 +0000 2018,0.0,0.905,@BBC,0.095,"RT @bbc5live: Looking for some exercise and nutrition advice? üí™

Joe Wicks, aka @thebodycoach, shares his tips on how to sustain a long ter‚Ä¶"
0.0,Mon Jan 08 21:29:01 +0000 2018,0.0,1.0,@BBC,0.0,"RT @bbcasiannetwork: üì° The Asian Network Future Sounds 2018 list is live! üì°
‚¨áÔ∏è Get these artists on your radar right now ‚¨áÔ∏è
@rikaldn 
@nash‚Ä¶"
-0.1655,Mon Jan 08 21:28:07 +0000 2018,0.099,0.831,@BBC,0.069,"RT @bbcthesocial: Jordan thought nobody would give him a chance after prison, but now he's training to be a chef 

#IntoIt https://t.co/GVV‚Ä¶"
0.3182,Mon Jan 08 21:27:12 +0000 2018,0.0,0.905,@BBC,0.095,"RT @bbcworldservice: ""Our job as journalists is to bring the story back and to make sure that these things are not invisible."" @cmittermeie‚Ä¶"
-0.25,Mon Jan 08 21:23:06 +0000 2018,0.118,0.882,@BBC,0.0,RT @BBCiPlayer: üéÅ #HardSun is the new #boxset to get stuck into this week. #iplayerit https://t.co/7AEUPTrmRV https://t.co/DTxDAF4217
0.0772,Mon Jan 08 21:22:32 +0000 2018,0.0,0.939,@BBC,0.061,RT @BBCWthrWatchers: Some cracking sunsets üåá in the north of the UK earlier. Cloudier conditions arriving overnight may limit the number of‚Ä¶
0.0,Mon Jan 08 20:30:06 +0000 2018,0.0,1.0,@BBC,0.0,"The #SilentWitness team are back. 

9pm | @BBCOne | https://t.co/nluMqMB9kB https://t.co/XNJzlzoti7"
0.0,Mon Jan 08 20:04:03 +0000 2018,0.0,1.0,@BBC,0.0,Recy Taylor: who was the woman Oprah mentioned in her #GoldenGlobes speech? https://t.co/tiynXeMmCO https://t.co/1Pw4pUEQRY
0.0,Mon Jan 08 19:37:04 +0000 2018,0.0,1.0,@BBC,0.0,"Tonight, go beyond the theatre doors and discover how surgeons push medical boundaries to the limits. üè• 

Surgeons:‚Ä¶ https://t.co/ZOnkfmFkDY"
0.1779,Mon Jan 08 19:02:01 +0000 2018,0.088,0.793,@BBC,0.119,"ü¶å‚ùÑ The moment a moose, which got stuck up to its neck in snow, is freed by rescuers in Canada. üëè https://t.co/edDNzLFP2c"
-0.126,Mon Jan 08 18:32:04 +0000 2018,0.077,0.923,@BBC,0.0,üèùüòÅ This year you can get 24 days off in a row using just 14 days of leave! https://t.co/ffVi0OKWIv https://t.co/3bIJLmeK4s
0.0,Mon Jan 08 18:02:04 +0000 2018,0.0,1.0,@BBC,0.0,üéíüìö It was a big day for Princess Charlotte today as she started at nursery school. https://t.co/uZm4XqMPhV https://t.co/tVw11CKnVf
0.0,Mon Jan 08 17:30:06 +0000 2018,0.0,1.0,@BBC,0.0,‚ôø‚úàThis mum is taking on the global airline industry to get wheelchairs allowed on planes. https://t.co/C5suKv2fJy
0.0,Mon Jan 08 17:09:03 +0000 2018,0.0,1.0,@BBC,0.0,"This #MeatFreeMonday, why not give one of these veggie pasta bakes a go? üçÖüçÜüçù https://t.co/BFvmdF4FZi https://t.co/ZRXjL2ZASs"
0.0,Mon Jan 08 16:48:04 +0000 2018,0.0,1.0,@BBC,0.0,"'I still have that karaoke machine!' üé§‚ù§Ô∏èÔ∏è

@Camila_Cabello explains how a @BritneySpears karaoke CD made her Christ‚Ä¶ https://t.co/G2WJxboW67"
0.0,Mon Jan 08 16:33:07 +0000 2018,0.0,1.0,@BBC,0.0,These are some of the most striking photographs taken last week from around the world. üì∏ https://t.co/nbDyZEg9YW https://t.co/ixljaLS7bq
0.0,Mon Jan 08 16:00:05 +0000 2018,0.0,1.0,@BBC,0.0,Judi Dench and Maggie Smith star as two sisters whose lives are changed when they befriend a man they find on the b‚Ä¶ https://t.co/a9hqMWL9bV
0.0772,Mon Jan 08 15:27:21 +0000 2018,0.0,0.925,@BBC,0.075,"üìöEight books that will make you want to run away with the circus. üé™ü§∏ https://t.co/ahZU4Dn2kD

#LoveToRead https://t.co/FnPS49sYg6"
0.6908,Mon Jan 08 15:00:07 +0000 2018,0.0,0.769,@BBC,0.231,üíîüíç If you're married then it might be best to tread carefully today which has been dubbed #DivorceDay by lawyers.‚Ä¶ https://t.co/tamDjAjpmp
0.5106,Mon Jan 08 14:30:06 +0000 2018,0.0,0.71,@BBC,0.29,Repeat bouts of warmer seawater are posing a significant challenge to the world's coral reefs. üåä üê† üê¢‚Ä¶ https://t.co/nLE91lQxyt
0.3182,Mon Jan 08 14:03:04 +0000 2018,0.111,0.728,@BBC,0.161,"'Having kids ruins your life in the best way possible.'
11 things we learned from Charlie Brooker‚Äôs Desert Island D‚Ä¶ https://t.co/qcyMA9KdNA"
-0.6739,Mon Jan 08 13:43:59 +0000 2018,0.476,0.524,@BBC,0.0,RT @bbcthesocial: WTF is #hygge? https://t.co/M04sxI3XMt
0.0,Mon Jan 08 13:40:41 +0000 2018,0.0,1.0,@BBC,0.0,RT @bbcrb: Any spare paper laying about in your office? Donate some today ! üê± https://t.co/FWCGmnJK6Y
0.4019,Mon Jan 08 13:33:04 +0000 2018,0.0,0.863,@BBC,0.137,"New year, new me? ü§î 

üåã üêé  From taking photos inside active volcanoes to jousting, here are 8 hobbies you probably‚Ä¶ https://t.co/wGtHBd3TK1"
0.0,Mon Jan 08 13:00:08 +0000 2018,0.0,1.0,@BBC,0.0,üèÅüèé This 16-year-old girl from East Kilbride has made F4 motor racing history. https://t.co/LHhhU6vKY8
0.8176,Mon Jan 08 12:40:13 +0000 2018,0.0,0.702,@BBC,0.298,RT @BBCCornwall: üê¨üê¨ Even the dolphins had a lovely time playing in the #SundaySunshine in Mounts Bay üåäüê¨üê¨üåû Thanks to #drone operator Simon S‚Ä¶
0.0,Mon Jan 08 12:37:56 +0000 2018,0.0,1.0,@BBC,0.0,RT @BBC100women: The red carpet was a sea of black dresses and suits at the #GoldenGlobes.  Stars discuss #WhyWeWearBlack and make it very‚Ä¶
0.0,Mon Jan 08 12:37:14 +0000 2018,0.0,1.0,@BBC,0.0,"RT @BBCSpringwatch: 50 million trees are going to be planted üå≥
https://t.co/x4Enjn8H2A"
0.1935,Mon Jan 08 12:37:05 +0000 2018,0.0,0.836,@BBC,0.164,"RT @bbccomedy: So, how you feeling today? ü§îüòÉ #MondayMotivation https://t.co/dyRd1shmfq"
0.4019,Mon Jan 08 12:36:01 +0000 2018,0.0,0.891,@BBC,0.109,"RT @BBCOne: üê± Thick fur and enormous feet help Canada lynx deal with deep snow and arctic conditions. 

üÜï #BigCats, Thursday at 8pm on @BBC‚Ä¶"
0.0,Mon Jan 08 12:29:03 +0000 2018,0.0,1.0,@BBC,0.0,"On what would have been #DavidBowie's 71st birthday, here are 8 life lessons we can take away from the Star Man's t‚Ä¶ https://t.co/kbSD0N77jx"
0.4939,Mon Jan 08 12:28:45 +0000 2018,0.0,0.868,@BBC,0.132,"RT @bbcasiannetwork: üåø ""They walk in the room and they let everybody know.""
@iamwill tells @HarpreetUK how he's been inspired to ditch the‚Ä¶"
0.0,Mon Jan 08 11:53:03 +0000 2018,0.0,1.0,@BBC,0.0,"üí°Our universe has a speed limit of 299,792 km p/s (which is also the rate at which light travels), but what is it t‚Ä¶ https://t.co/dFDyB5aZ1F"
0.0,Mon Jan 08 11:29:26 +0000 2018,0.0,1.0,@BBC,0.0,The biggest moments from last night's #GoldenGlobes. ‚ú® üëâ https://t.co/GZCJztqRln https://t.co/23LJXnf3wN
0.4215,Mon Jan 08 09:57:36 +0000 2018,0.0,0.763,@BBC,0.237,Some powerful speeches and statements from this year's #GoldenGlobes. https://t.co/ewKAhPtHoV
0.5994,Mon Jan 08 09:00:06 +0000 2018,0.0,0.837,@BBC,0.163,We have a 'supermoon trilogy' coming in January &amp; the final one - a 'Super Blue Blood Moon' - could be the most rar‚Ä¶ https://t.co/nbwHZdXRSh
0.0,Mon Jan 08 08:46:52 +0000 2018,0.0,1.0,@BBC,0.0,RT @BBCWorld: Golden Globes 2018: Why stars wore black on the red carpet https://t.co/P4LUZTeOFQ
-0.4019,Mon Jan 08 08:46:36 +0000 2018,0.177,0.742,@BBC,0.081,RT @BBCEngland: Commuters face up to three days of disruption as staff at five train firms begin a fresh wave of strikes in separate disput‚Ä¶
0.0,Mon Jan 08 08:45:11 +0000 2018,0.0,1.0,@BBC,0.0,"RT @BBCNewsbeat: Here are the eight big moments from the #GoldenGlobes last night:

https://t.co/DzbliYugWt https://t.co/zDM1kl7WNm"
0.2755,Mon Jan 08 08:44:58 +0000 2018,0.0,0.883,@BBC,0.117,RT @bbcthree: You'll never complain about your commute again after you see these bonkers journeys https://t.co/43I5HefpJ8 https://t.co/dzWJ‚Ä¶
0.4574,Mon Jan 08 08:44:11 +0000 2018,0.0,0.87,@BBC,0.13,"RT @bbcgetinspired: You can do it! üôå 

@AdeleRoberts is on a mission to get you active with her January health hacks. #GetInspired #MondayM‚Ä¶"
0.0,Mon Jan 08 08:44:05 +0000 2018,0.0,1.0,@BBC,0.0,"RT @bbcworldservice: ""The fact that we have an epidemic of depression... is telling us that we've built a society that doesn't match people‚Ä¶"
0.0,Mon Jan 08 08:40:02 +0000 2018,0.0,1.0,@BBC,0.0,"Beef farmer Jay gave up his family farm to send his herd to live out their days in a sanctuary. üêÑ‚ù§Ô∏èÔ∏è
#EverydayHeroes https://t.co/IjBP8kxfNA"
0.0,Mon Jan 08 08:40:00 +0000 2018,0.0,1.0,@BBC,0.0,"RT @BBC6Music: üë®‚Äçüé§ Today would have been David Bowie's 71st Birthday. In 1973 on @BBC's Nationwide, he contemplated life after Ziggy Stardu‚Ä¶"
0.0,Mon Jan 08 08:33:02 +0000 2018,0.0,1.0,@BBC,0.0,When you wake up and remember you're expected to work five whole days this week. üòí #MondayMorning https://t.co/Ju3oKV1rep
0.0,Mon Jan 08 08:00:08 +0000 2018,0.0,1.0,@BBC,0.0,‚òïÔ∏èüò¥ Why do some people need several cups of coffee just to get through the day? https://t.co/L3POHVgHjE
0.4588,Mon Jan 08 07:38:10 +0000 2018,0.0,0.667,@BBC,0.333,üåµüå∫üå¥ Preserving Morocco's grand gardens. https://t.co/Rh4tovuLZu https://t.co/KVYNRy7ZdT
0.2263,Sun Jan 07 20:03:03 +0000 2018,0.107,0.734,@BBC,0.158,"Switzerland's Schindler? 
Carl Lutz is the forgotten Swiss diplomat who rescued thousands from Holocaust.‚Ä¶ https://t.co/LNzRhFR6LN"
0.7351,Sun Jan 07 19:30:04 +0000 2018,0.0,0.721,@BBC,0.279,"Tonight, Michael Palin shares the story behind his outstanding career in television and film. ‚ú® 

Michael Palin: A‚Ä¶ https://t.co/VOYzhp6JyU"
0.0,Sun Jan 07 19:25:10 +0000 2018,0.0,1.0,@BBC,0.0,RT @BBCWorld: Snowing or glowing? https://t.co/em8Ks1aGPZ
0.0,Sun Jan 07 19:22:48 +0000 2018,0.0,1.0,@BBC,0.0,"RT @BBCRadio4: üé™ Roll up! Roll up!
https://t.co/AeAloY7XGG"
0.0,Sun Jan 07 19:19:39 +0000 2018,0.0,1.0,@BBC,0.0,"RT @bbccomedy: We can't keep up with the Karcrashians. OHMIGOD, SO PWETTY!!!! https://t.co/eJV7FijmOB"
-0.1531,Sun Jan 07 19:18:56 +0000 2018,0.074,0.926,@BBC,0.0,"RT @bbcmusic: Ed Sheeran performing 'Perfect' with Jools Holland and his Rhythm &amp; Blues Orchestra was rather exceptional üíï
-
Miss the show?‚Ä¶"
0.3612,Sun Jan 07 19:00:05 +0000 2018,0.0,0.898,@BBC,0.102,"You can learn what an animal sounds like from what it evolved to hear. 

And it turns out, T rex sounded nothing li‚Ä¶ https://t.co/BuXuJ3majp"
0.0,Sun Jan 07 18:32:03 +0000 2018,0.0,1.0,@BBC,0.0,"Tonight, David Attenborough attempts to animate the life of a 200-million-year-old ichthyosaur. üåä 

Attenborough an‚Ä¶ https://t.co/xWsAFgCQu8"
0.6369,Sun Jan 07 17:59:05 +0000 2018,0.0,0.682,@BBC,0.318,Budget Italian feasts the whole family will love. üçù https://t.co/MtSlOvp6m6 https://t.co/8fCY2ToBM6
0.4215,Sun Jan 07 17:19:01 +0000 2018,0.0,0.797,@BBC,0.203,"What's the true scale of the global trade in humans? 
#McMafia https://t.co/3X7YDsabMv"
0.128,Sun Jan 07 16:53:27 +0000 2018,0.308,0.359,@BBC,0.333,"The best, worst and weirdest #FACup fan fashion. ‚öΩÔ∏èüíÖ https://t.co/hDEBwew84U https://t.co/1DMfVbC8oJ"
-0.0258,Sun Jan 07 16:34:03 +0000 2018,0.155,0.695,@BBC,0.15,RT @BBC_designed: Eastern Block design is back and it‚Äôs inspiring a whole new fashion movement. üéâ https://t.co/xS6vJ68vX8
0.5859,Sun Jan 07 16:31:59 +0000 2018,0.0,0.612,@BBC,0.388,RT @BBCWorld: A beauty contest with a difference üêü https://t.co/ardDeFBwO5
0.6369,Sun Jan 07 16:31:55 +0000 2018,0.0,0.769,@BBC,0.231,RT @bbcthree: Becoming a single mum was the best thing that happened to me  https://t.co/64ZeqQRwE0 https://t.co/bJROBhtERz
0.0,Sun Jan 07 16:31:45 +0000 2018,0.0,1.0,@BBC,0.0,RT @BBCScotland: 'Official sightings' of Nessie in 2017 were the highest this century üêâ https://t.co/eToUiRbB0Z
0.0258,Wed Jan 10 03:16:04 +0000 2018,0.0,0.916,@CNN,0.084,"Immigration, Trump and you: 5 things happening now, and why they matter https://t.co/2xEPmxKekv https://t.co/mmsXEDwywV"
-0.0772,Wed Jan 10 03:15:19 +0000 2018,0.133,0.788,@CNN,0.079,"RT @AC360: Reptiles used to warm weather are coping with freezing cold temperatures in strange ways, leading to sightings of alligator snou‚Ä¶"
0.0,Wed Jan 10 03:11:07 +0000 2018,0.0,1.0,@CNN,0.0,Here are 3 TVs that could change how you watch movies https://t.co/GRFFGdxUCT https://t.co/m0NfV17WTs
0.0,Wed Jan 10 03:06:28 +0000 2018,0.0,1.0,@CNN,0.0,"Jorge Ramos on Trump calling for border wall to be part of DACA deal: ""If he wants the wall, let him have the wall.‚Ä¶ https://t.co/UpfSm1Gs5D"
-0.4939,Wed Jan 10 03:06:20 +0000 2018,0.176,0.824,@CNN,0.0,"RT @CNNTonight: Trump dossier author feared the candidate was being blackmailed, testimony shows https://t.co/61wdJSXdSD 
CNN's @jimsciutto‚Ä¶"
0.5719,Wed Jan 10 03:03:04 +0000 2018,0.0,0.761,@CNN,0.239,".@CillizzaCNN: Oprah Winfrey is ""Democrats' platonic ideal of what you challenge Donald Trump with"" -- successful,‚Ä¶ https://t.co/blHYyPlYRU"
0.0,Wed Jan 10 03:01:10 +0000 2018,0.0,1.0,@CNN,0.0,Some members of Congress plan to wear black during President Trump's first State of the Union address in a gesture‚Ä¶ https://t.co/ZYZ7Re5g9g
0.0,Wed Jan 10 02:54:03 +0000 2018,0.0,1.0,@CNN,0.0,Lands' End is making new uniforms for American Airlines employees https://t.co/XsTNPGIvdb https://t.co/m616B8NCqo
0.0,Wed Jan 10 02:50:39 +0000 2018,0.0,1.0,@CNN,0.0,"Jennifer Granholm: We will know where President Trump really stands on immigration reform ""when he watches Fox and‚Ä¶ https://t.co/uPf2Rmgcma"
0.0516,Wed Jan 10 02:41:02 +0000 2018,0.0,0.934,@CNN,0.066,"Senate Majority Leader Mitch McConnell reaches out to ""Hillbilly Elegy"" author JD Vance about a potential Senate ru‚Ä¶ https://t.co/ILGP19vzc7"
-0.1531,Wed Jan 10 02:31:03 +0000 2018,0.158,0.724,@CNN,0.118,San Antonio top cop under fire after releasing immigrants to a nonprofit https://t.co/ECPHAScrmU https://t.co/ANlTpFXGYU
-0.0772,Wed Jan 10 02:30:19 +0000 2018,0.145,0.769,@CNN,0.086,"Reptiles used to warm weather are coping with freezing cold temperatures in strange ways, leading to sightings of a‚Ä¶ https://t.co/lj65zlnm2M"
0.6597,Wed Jan 10 02:29:46 +0000 2018,0.094,0.669,@CNN,0.236,"Anthony Scaramucci: Steve Bannon was a bad choice, but President Trump's pivot is the ""hallmark of a great Presiden‚Ä¶ https://t.co/U5W0wHrLh1"
0.0,Wed Jan 10 02:21:05 +0000 2018,0.0,1.0,@CNN,0.0,"Just hours after a bipartisan meeting, President Trump tweeted that he still wanted to see a wall on the southern U‚Ä¶ https://t.co/k2NOLwi2HB"
0.5951,Wed Jan 10 02:11:34 +0000 2018,0.0,0.804,@CNN,0.196,"RT @AC360: .@jorgeramosnews: ""Republicans control the White House, they control Congress -- if they really, really want the DREAM Act, if t‚Ä¶"
0.0,Wed Jan 10 02:11:05 +0000 2018,0.0,1.0,@CNN,0.0,Senators grill President Trump's Health and Human Services pick Alex Azar on drug prices and Medicaid‚Ä¶ https://t.co/UPArT9isk5
-0.1032,Wed Jan 10 02:07:44 +0000 2018,0.117,0.783,@CNN,0.1,"Jorge Ramos: ""I don't know exactly what President Trump wants. What I know for sure is that I cannot trust Presiden‚Ä¶ https://t.co/o3A3479zSn"
0.2584,Wed Jan 10 02:05:20 +0000 2018,0.0,0.903,@CNN,0.097,"Sen. John Kennedy on the release of Trump-Russia dossier testimony: ""It doesn't bother me to have the American peop‚Ä¶ https://t.co/6zodirDuJs"
0.0,Wed Jan 10 02:05:03 +0000 2018,0.0,1.0,@CNN,0.0,"North Korea may be sending athletes to the Winter Olympic Games in Pyeongchang. Here's how wrestling, rugby, ping-p‚Ä¶ https://t.co/E5TG8CC9v4"
0.0,Wed Jan 10 02:01:11 +0000 2018,0.0,1.0,@CNN,0.0,"YouTube says it is looking into ""further consequences"" for Logan Paul, the user who recently posted a video showing‚Ä¶ https://t.co/hOAqrk7v9N"
0.0,Wed Jan 10 01:51:06 +0000 2018,0.0,1.0,@CNN,0.0,President Donald Trump's border wall might not be as long as some originally envisioned https://t.co/phtvIiWKjK https://t.co/qlG22nL68u
0.0,Wed Jan 10 01:45:13 +0000 2018,0.0,1.0,@CNN,0.0,"""Here's what he didn't have, he didn't have a plan"": Rep. Luis Gutierrez says Trump's televised bipartisan meeting‚Ä¶ https://t.co/usvGCnzlfO"
-0.296,Wed Jan 10 01:41:05 +0000 2018,0.109,0.891,@CNN,0.0,Twitter missed a Senate intel panel deadline to answer questions about Russian meddling in the 2016 election and it‚Ä¶ https://t.co/n1RmoGlHR4
0.0,Wed Jan 10 01:38:09 +0000 2018,0.0,1.0,@CNN,0.0,North Carolina will have to redraw its congressional districts after federal judges ruled the map unconstitutionall‚Ä¶ https://t.co/qX6gXirZbM
0.0,Wed Jan 10 01:34:44 +0000 2018,0.0,1.0,@CNN,0.0,"The Trump administration said that it would not seek to bring oil and gas drilling to the waters off Florida, conce‚Ä¶ https://t.co/by3Hzsm6Fg"
0.6124,Wed Jan 10 01:31:09 +0000 2018,0.0,0.75,@CNN,0.25,Most PCs will get slower because of the fix to protect against a major microchip security flaw‚Ä¶ https://t.co/IDExUj4Yto
0.0,Wed Jan 10 01:27:57 +0000 2018,0.0,1.0,@CNN,0.0,"RT @AC360: #KeepingThemHonest: DACA only? DACA plus the wall? 
""In the space of literally two minutes, the President seemed to totally aban‚Ä¶"
0.6486,Wed Jan 10 01:21:07 +0000 2018,0.0,0.762,@CNN,0.238,"With a net worth of more than $105 billion, Jeff Bezos is now the richest person in history https://t.co/Y58YhxrVfQ https://t.co/rcw8hPBlt4"
0.0,Wed Jan 10 01:19:04 +0000 2018,0.0,1.0,@CNN,0.0,"RT @OutFrontCNN: ""Here's what he didn't have, he didn't have a plan"" - Rep. Luis Gutierrez says Trump's televised bipartisan meeting was al‚Ä¶"
0.0,Wed Jan 10 01:11:05 +0000 2018,0.0,1.0,@CNN,0.0,10 House seats that could flip due to Republican retirements https://t.co/Bb2bhnLVMm https://t.co/vd4r5xWXKI
-0.296,Wed Jan 10 01:06:08 +0000 2018,0.18,0.82,@CNN,0.0,Even the iPhone's designer is worried about phone addiction https://t.co/GDbJjIABOb https://t.co/T7Z5yhFLJL
0.0,Wed Jan 10 01:00:10 +0000 2018,0.0,1.0,@CNN,0.0,"Tonight at 9p on #CuomoPrimetime, Chris Cuomo asks Anthony Scaramucci about Steve Bannon‚Äôs departure from Brietbart‚Ä¶ https://t.co/o48l4bK2Mm"
0.6486,Wed Jan 10 00:51:42 +0000 2018,0.0,0.773,@CNN,0.227,"""Anything Oprah sets her mind to, she does pretty well.  Everything she touches, turns to gold.""

Richard Sher, for‚Ä¶ https://t.co/zp4W6eNipy"
0.0,Wed Jan 10 00:48:10 +0000 2018,0.0,1.0,@CNN,0.0,"RT @OutFrontCNN: Tonight at 9p on #CuomoPrimetime, Chris Cuomo asks Anthony Scaramucci about Steve Bannon‚Äôs departure from Brietbart and Pr‚Ä¶"
0.0,Wed Jan 10 00:46:03 +0000 2018,0.0,1.0,@CNN,0.0,"Donald Trump 1, Steve Bannon 0 | Analysis by @CillizzaCNN https://t.co/OhZipEIAsL https://t.co/gSZW0HQHr9"
0.0,Wed Jan 10 00:41:06 +0000 2018,0.0,1.0,@CNN,0.0,"California has seen unusually high numbers of flu-related deaths and hospitalizations, health officials say‚Ä¶ https://t.co/n1g2d61dKz"
0.0516,Wed Jan 10 00:31:09 +0000 2018,0.0,0.943,@CNN,0.057,"""Full Frontal"" host Samantha Bee has announced an ""Apology Race"" in which her team ""will travel the globe to apolog‚Ä¶ https://t.co/YVcSFRE5J9"
0.4215,Wed Jan 10 00:21:04 +0000 2018,0.0,0.859,@CNN,0.141,The Trump administration has approved the potential sale of SM-3 anti-ballistic missiles to Japan in a deal estimat‚Ä¶ https://t.co/zTTzt9atPa
0.3612,Wed Jan 10 00:16:22 +0000 2018,0.0,0.816,@CNN,0.184,"RT @OutFrontCNN: ""What matters is not to try to politicize this document...what matters is to separate the truth from fiction and find out‚Ä¶"
-0.5994,Wed Jan 10 00:11:03 +0000 2018,0.214,0.786,@CNN,0.0,"Jose Guevara doesn't remember his life in El Salvador. He's now battling leukemia, and fears how changes to protect‚Ä¶ https://t.co/et2235TQb2"
0.0,Wed Jan 10 00:06:05 +0000 2018,0.0,1.0,@CNN,0.0,"A man who was involved with neo-Nazi groups and who attended a ""Unite the Right"" rally in Charlottesville has been‚Ä¶ https://t.co/h5i98xCRcD"
0.0,Wed Jan 10 00:01:02 +0000 2018,0.0,1.0,@CNN,0.0,"Get the facts from @ChrisCuomo as he goes beyond the spin with his new show #CuomoPrimeTime, tonight at 9p ET. https://t.co/Bx5zZDg9EU"
-0.8519,Tue Jan 09 23:57:16 +0000 2018,0.342,0.658,@CNN,0.0,"Heavy rains unleashed destructive rivers of mud and debris in Southern California -- leaving several dead, destroyi‚Ä¶ https://t.co/9vdVXsXu2t"
0.3182,Tue Jan 09 23:54:03 +0000 2018,0.0,0.867,@CNN,0.133,"The ""Handmaid's Tale"" effect? Hulu grows to 17 million subscribers, a 40% increase since May 2016 https://t.co/cca2Y5RIhg"
0.0,Tue Jan 09 23:49:11 +0000 2018,0.0,1.0,@CNN,0.0,"The politics behind the DACA debate, in two charts https://t.co/Xxvj9zJfeP https://t.co/MZA4VHsAhZ"
0.296,Tue Jan 09 23:41:04 +0000 2018,0.0,0.879,@CNN,0.121,"Democratic Rep. Brendan Boyle has announced his proposed ""Stable Genius Act"" following President Trump's recent twe‚Ä¶ https://t.co/J3lj1DgZI1"
0.0,Tue Jan 09 23:37:40 +0000 2018,0.0,1.0,@CNN,0.0,Read Fusion GPS co-founder Glenn Simpson's testimony that was released publicly by Sen. Dianne Feinstein‚Ä¶ https://t.co/oVEKZdO7ED
-0.296,Tue Jan 09 23:31:06 +0000 2018,0.109,0.891,@CNN,0.0,Many lawmakers on Capitol Hill are already saying Congress will need another stopgap budget bill to avoid a shutdow‚Ä¶ https://t.co/cl0IY45ywv
0.4404,Tue Jan 09 23:21:07 +0000 2018,0.0,0.847,@CNN,0.153,Alabama's overtime victory over Georgia in the college football playoff's national championship game brought in big‚Ä¶ https://t.co/BsOL6lunhQ
0.0,Tue Jan 09 23:11:53 +0000 2018,0.0,1.0,@CNN,0.0,"RT @OutFrontCNN: Get the facts from @ChrisCuomo as he goes beyond the spin with his new show #CuomoPrimeTime, tonight at 9p ET. https://t.c‚Ä¶"
0.5984,Tue Jan 09 23:11:06 +0000 2018,0.0,0.77,@CNN,0.23,The 40 most remarkable lines from Trump's 55-minute immigration talk-a-thon | Analysis by @CillizzaCNN‚Ä¶ https://t.co/yQx3t4Nwb8
0.5574,Tue Jan 09 23:01:29 +0000 2018,0.0,0.753,@CNN,0.247,"President Trump proposes bringing earmarks back, causing lawmakers to laugh https://t.co/3W4hEROXwO https://t.co/jVLLjAuRvC"
0.0,Tue Jan 09 22:51:07 +0000 2018,0.0,1.0,@CNN,0.0,Oprah built her multibillion-dollar career on her everywoman persona. But the reality is she's one of the savviest‚Ä¶ https://t.co/1JU0iOWGba
-0.0516,Tue Jan 09 22:45:59 +0000 2018,0.05,0.95,@CNN,0.0,RT @CNNSitRoom: White House aides have been told to decide before the end of January whether they intend to leave the administration or sta‚Ä¶
0.0,Tue Jan 09 22:41:07 +0000 2018,0.0,1.0,@CNN,0.0,Boeing delivered more jetliners than ever in 2017 https://t.co/btMPhUQ9ej https://t.co/xwV7HKuUzm
0.0,Tue Jan 09 22:31:05 +0000 2018,0.0,1.0,@CNN,0.0,This futuristic salon lets you preview hair colors virtually https://t.co/Fa0wyeYqsH https://t.co/OxIlebe7CW
-0.3612,Tue Jan 09 22:21:08 +0000 2018,0.152,0.848,@CNN,0.0,"Facing an anticipated staffing exodus, President Trump struggles to fill the West Wing https://t.co/OqJk5jduks https://t.co/rxB67IV35Y"
-0.4939,Tue Jan 09 22:14:43 +0000 2018,0.158,0.842,@CNN,0.0,RT @TheLeadCNN: Fusion GPS co-founder says the author of the dossier feared Trump was being blackmailed https://t.co/yWbMGyyrIW https://t.c‚Ä¶
0.5574,Tue Jan 09 22:11:05 +0000 2018,0.0,0.795,@CNN,0.205,The Supreme Court takes on the privacy rights of unauthorized rental car drivers https://t.co/5r8zMtjDKE https://t.co/4mB3riH8Zh
0.0,Tue Jan 09 22:00:34 +0000 2018,0.0,1.0,@CNN,0.0,"RT @CNNPolitics: Steve Bannon, former chief strategist to President Trump, has stepped down from Breitbart, the far-right website he return‚Ä¶"
-0.1406,Tue Jan 09 22:00:24 +0000 2018,0.075,0.925,@CNN,0.0,Sen. Jeff Flake says he went into the meeting with President Trump with ‚Äúpretty low expectations‚Äù but was surprised‚Ä¶ https://t.co/gS5wKFN0Qr
0.3818,Tue Jan 09 21:55:17 +0000 2018,0.0,0.898,@CNN,0.102,"RT @TheLeadCNN: A source close to Steve Bannon says it was clear he had to focus on either Breitbart or on politics, @jaketapper reports ht‚Ä¶"
-0.4404,Tue Jan 09 21:54:58 +0000 2018,0.242,0.659,@CNN,0.099,"Would you support former Sheriff Joe Arpaio in the Arizona Senate race? 

Sen. Jeff Flake: ""No, no, no, no. Not at‚Ä¶ https://t.co/kvvVJdH4Wv"
0.0258,Tue Jan 09 21:53:08 +0000 2018,0.096,0.802,@CNN,0.102,"Joe Arpaio, the controversial sheriff pardoned by President Trump and known for his hard-line immigration tactics,‚Ä¶ https://t.co/DUnPITnjK4"
-0.4019,Tue Jan 09 21:51:03 +0000 2018,0.153,0.847,@CNN,0.0,"Coal CEO slams the Trump administration for appointing ""inadequate bureaucrats"" to a regulatory commission that una‚Ä¶ https://t.co/HG4KKheiPc"
0.0,Tue Jan 09 21:41:05 +0000 2018,0.0,1.0,@CNN,0.0,Ford and Postmates are teaming up on self-driving deliveries https://t.co/fuAcrgZETg #CES2018 https://t.co/DfC6rvSkYo
0.25,Tue Jan 09 21:31:10 +0000 2018,0.0,0.846,@CNN,0.154,"Meryl Streep jokes that Mariah Carey ""stole"" her #GoldenGlobes seat https://t.co/qVsTybmLET https://t.co/bmM78vGCSY"
-0.34,Tue Jan 09 21:28:04 +0000 2018,0.107,0.893,@CNN,0.0,Steve Bannon is leaving Breitbart News after coming under fire for comments he made in an explosive book about the‚Ä¶ https://t.co/7zC1znyKjf
0.0772,Tue Jan 09 21:21:07 +0000 2018,0.0,0.894,@CNN,0.106,Dunkin' Donuts wants to double the number of its stores https://t.co/NhkRBr18rJ https://t.co/wZHvwevtbg
0.0,Tue Jan 09 21:20:57 +0000 2018,0.0,1.0,@CNN,0.0,"BREAKING: Steve Bannon, former chief strategist to President Trump, is stepping down from Breitbart‚Ä¶ https://t.co/yXIuXfWmEi"
0.0,Tue Jan 09 21:13:10 +0000 2018,0.0,1.0,@CNN,0.0,RT @TheLeadCNN: .@jaketapper: If you‚Äôre wondering if part of the point of the on-camera negotiations for a ‚Äúbill of love‚Äù was to push aside‚Ä¶
-0.4215,Tue Jan 09 21:11:08 +0000 2018,0.135,0.865,@CNN,0.0,Virtual reality is still struggling to find its groove with consumers. A new standalone headset from Google and Len‚Ä¶ https://t.co/0wNBiCO6rI
0.0,Tue Jan 09 21:01:10 +0000 2018,0.0,1.0,@CNN,0.0,Senate Democrats announced they have 40 co-sponsors for a resolution of disapproval that would overturn a repeal of‚Ä¶ https://t.co/hkkIwtrA0I
0.0,Tue Jan 09 20:51:04 +0000 2018,0.0,1.0,@CNN,0.0,The president who harped on the anthem fumbled it | By Jill Filipovic via @CNNOpinion https://t.co/rFuYhjgdVo https://t.co/pllOtRmMkF
-0.3182,Tue Jan 09 20:41:05 +0000 2018,0.126,0.874,@CNN,0.0,President Trump appeared to contradict himself multiple times in a meeting on immigration with a bipartisan group o‚Ä¶ https://t.co/YGNaFxyAtT
0.0,Tue Jan 09 20:32:39 +0000 2018,0.0,1.0,@CNN,0.0,White House press secretary Sarah Sanders says President Trump has not given up on Mexico paying for the wall along‚Ä¶ https://t.co/POlDuItfP3
-0.2263,Tue Jan 09 20:31:16 +0000 2018,0.106,0.894,@CNN,0.0,Forget Kodachrome. Kodak's stock surged after the century-old camera brand said it's investing in blockchain techno‚Ä¶ https://t.co/PILmtMr1xw
0.0,Tue Jan 09 20:27:23 +0000 2018,0.0,1.0,@CNN,0.0,"RT @CNNPolitics: Sanders says the DACA deal is not considered amnesty, but rather an ‚Äúimportant part of the process‚Äù for immigration reform‚Ä¶"
0.0,Tue Jan 09 20:24:25 +0000 2018,0.0,1.0,@CNN,0.0,White House press secretary Sarah Sanders on the possibility of Oprah Winfrey running for office in 2020: She is a‚Ä¶ https://t.co/jqr9l1vwul
0.0,Tue Jan 09 20:21:08 +0000 2018,0.0,1.0,@CNN,0.0,Republicans are heading for the exits with a Democratic wave looking more likely | Analysis by @CillizzaCNN‚Ä¶ https://t.co/rUfoHHdgkl
0.0,Tue Jan 09 20:11:44 +0000 2018,0.0,1.0,@CNN,0.0,RT @CNNPolitics: White House press secretary Sarah Sanders on President Trump‚Äôs stance on the immigration bill: ‚ÄúThe President is setting h‚Ä¶
-0.3182,Tue Jan 09 20:11:07 +0000 2018,0.119,0.881,@CNN,0.0,"More than a year after US diplomats in Havana, Cuba, began reporting hearing bizarre noises and experiencing a rang‚Ä¶ https://t.co/Iituz8CIiv"
0.0,Tue Jan 09 20:01:13 +0000 2018,0.0,1.0,@CNN,0.0,The White House is holding a press briefing. Watch live on CNN: https://t.co/UYpqI3w42L https://t.co/M3g4ShoTwM
-0.4588,Tue Jan 09 20:00:14 +0000 2018,0.167,0.833,@CNN,0.0,"A burning and smoking iPhone battery forced the evacuation of an Apple store in Zurich, Switzerland‚Ä¶ https://t.co/XarOcNB3y8"
0.0,Tue Jan 09 19:50:12 +0000 2018,0.0,1.0,@CNN,0.0,'The Boondocks' predicted an Oprah 2020 win... 12 years ago https://t.co/Nyc9SOePPi https://t.co/UBtbhkqszu
0.0,Tue Jan 09 19:41:13 +0000 2018,0.0,1.0,@CNN,0.0,"Thailand‚Äôs prime minister sets up a cardboard cutout of himself at a press event, tells reporters to direct their q‚Ä¶ https://t.co/bdaZJrRsGr"
0.0516,Tue Jan 09 19:32:30 +0000 2018,0.155,0.644,@CNN,0.201,"The United States has the worst overall child mortality rate compared with those of 19 other wealthy nations, accor‚Ä¶ https://t.co/38EI8paG7S"
0.0,Tue Jan 09 19:20:04 +0000 2018,0.0,1.0,@CNN,0.0,It snowed in one of the hottest places in the world https://t.co/hyqi9uoViJ https://t.co/o6tjZX54wE
0.4404,Tue Jan 09 19:10:11 +0000 2018,0.0,0.828,@CNN,0.172,"The Trump administration ended protected status for 250,000 Salvadorans. These immigrants might be next.‚Ä¶ https://t.co/NCn7Ug3uvx"
0.0,Tue Jan 09 19:06:42 +0000 2018,0.0,1.0,@CNN,0.0,Democratic Sen. Dianne Feinstein releases a transcript of the Judiciary Committee‚Äôs closed-door interview with Fusi‚Ä¶ https://t.co/Dqwe5OJopE
0.0,Tue Jan 09 19:00:13 +0000 2018,0.0,1.0,@CNN,0.0,President Trump says he would beat Oprah in 2020 https://t.co/3fZu4E06rz https://t.co/e220koozLO
0.5574,Tue Jan 09 18:52:05 +0000 2018,0.0,0.753,@CNN,0.247,"President Trump proposes bringing earmarks back, causing lawmakers to laugh https://t.co/vPsUjV7132 https://t.co/WRepLu9fIE"
0.743,Tue Jan 09 18:42:39 +0000 2018,0.0,0.673,@CNN,0.327,"Sen. Feinstein: ""What about a clean DACA bill now, with a commitment that we go into a comprehensive immigration re‚Ä¶ https://t.co/dDGkPQaxdL"
-0.3818,Tue Jan 09 18:27:38 +0000 2018,0.12,0.88,@CNN,0.0,"Sen. Lindsey Graham says right-wing radio will ""beat the crap out of us,"" foreshadowing how he believes some conser‚Ä¶ https://t.co/STzvsccCHV"
0.0,Tue Jan 09 18:10:54 +0000 2018,0.0,1.0,@CNN,0.0,"President Trump says he wants bipartisan immigration reform: ""I feel having the Democrats in with us is absolutely‚Ä¶ https://t.co/YtqxlWl6Zc"
0.0,Tue Jan 09 18:06:24 +0000 2018,0.0,1.0,@CNN,0.0,President Trump on DACA at bipartisan immigration meeting: ‚ÄúI think my positions are going to be what the people in‚Ä¶ https://t.co/lHkiDMfYqL
0.0,Tue Jan 09 17:54:47 +0000 2018,0.0,1.0,@CNN,0.0,RT @CNNweather: More rain is developing west of Santa Barbara. Over the next couple of hours it will move into the Montecito area - hit by‚Ä¶
0.7251,Tue Jan 09 17:53:13 +0000 2018,0.0,0.758,@CNN,0.242,"President Trump on Oprah: ‚ÄúYeah, I‚Äôll beat Oprah. Oprah would be a lot of fun. I know her very well‚Ä¶ I like Oprah.‚Ä¶ https://t.co/n0b2IiTNFF"
0.3612,Tue Jan 09 17:46:34 +0000 2018,0.0,0.848,@CNN,0.152,An Oprah campaign might (literally) look like this | Analysis by CNN's Brenna Williams https://t.co/qdIe4iwskN https://t.co/ddvYFzPfJs
0.0,Tue Jan 09 17:34:28 +0000 2018,0.0,1.0,@CNN,0.0,"Engineers sue Google, alleging that it discriminates against conservatives, white people and men‚Ä¶ https://t.co/1eiS4kmOfv"
0.1867,Tue Jan 09 19:30:28 +0000 2018,0.0,0.924,@CBS,0.076,RT @BullCBS: Dr. #Bull's latest case could change the way Psychologists work. Don't miss tonight's new episode at 9/8c on CBS! https://t.co‚Ä¶
0.836,Tue Jan 09 19:27:16 +0000 2018,0.0,0.683,@CBS,0.317,"üé∂@Prince pushed the envelope and never settled for ordinary.

Celebrate the greatest artists in music history at Th‚Ä¶ https://t.co/GPZ9YgK1tH"
0.0,Tue Jan 09 18:29:39 +0000 2018,0.0,1.0,@CBS,0.0,RT @AmazingRaceCBS: This race is just getting started. Catch a new episode of The #AmazingRace tomorrow at 8/7c on CBS! https://t.co/Nab5DC‚Ä¶
0.0,Mon Jan 08 18:07:57 +0000 2018,0.0,1.0,@CBS,0.0,RT @startrekcbs: #StarTrekDiscovery is back! Episode 10 is now streaming on CBS All Access: https://t.co/xPeb97Rs8J https://t.co/Uvgab7nGgS
0.0,Mon Jan 08 14:34:48 +0000 2018,0.0,1.0,@CBS,0.0,"New year, new case. Watch the latest episode of #NCISLA now: https://t.co/1rAsX4EsiB https://t.co/QzRZcORK9r"
0.0,Mon Jan 08 14:29:20 +0000 2018,0.0,1.0,@CBS,0.0,RT @AmazingRaceCBS: Which teams are zipping through the first leg of the #AmazingRace? https://t.co/8isAwPyrLY
0.0,Mon Jan 08 00:29:51 +0000 2018,0.0,1.0,@CBS,0.0,RT @MadamSecretary: Is VP Hurst going to work with or against Elizabeth? Stream a new #MadamSecretary live with CBS All Access: https://t.c‚Ä¶
0.0,Sat Jan 06 20:05:17 +0000 2018,0.0,1.0,@CBS,0.0,"RT @debrabirnbaum: .@ShawnRyanTV: To me, being on CBS is the opposite of preaching to the choir. #TCA18"
0.8271,Sat Jan 06 19:04:08 +0000 2018,0.0,0.686,@CBS,0.314,RT @LivinBiblically: ‚ÄúThe truth is it somehow gorgeously straddles both sides...I have had friends come from all different walks of life an‚Ä¶
-0.7717,Sat Jan 06 19:03:38 +0000 2018,0.226,0.774,@CBS,0.0,RT @instinctcbs: ‚ÄúThis is a crime show where at the end you‚Äôre not reminded of how miserable things are in the world right now‚Ä¶You feel sat‚Ä¶
0.0,Sat Jan 06 00:37:55 +0000 2018,0.0,1.0,@CBS,0.0,"RT @startrekcbs: Star Trek has touched the lives of generations of fans, including the cast and writers of #StarTrekDiscovery. What's your‚Ä¶"
0.0,Sat Jan 06 00:30:53 +0000 2018,0.0,1.0,@CBS,0.0,#StrangeAngel has found its leading man! Jack Reynor will star as famed rocket engineer Jack Parsons in the upcomin‚Ä¶ https://t.co/sHkSKABGfd
0.0,Fri Jan 05 18:30:42 +0000 2018,0.0,1.0,@CBS,0.0,"The streak of new episodes continues! Watch new episodes of #MacGyver, #H50 &amp; #BlueBloods tonight starting at 8/7c.‚Ä¶ https://t.co/xs2vbVqBJZ"
0.0,Fri Jan 05 16:05:58 +0000 2018,0.0,1.0,@CBS,0.0,"RT @CBSTweet: #CBSRatingsNews: CBS Sweeps Fourth Quarter Ratings in Daytime, Primetime and Late Night for the First Time Since 2009 https:/‚Ä¶"
0.1867,Thu Jan 04 23:13:02 +0000 2018,0.0,0.89,@CBS,0.11,"New year, new episodes! Don't miss all-new episodes of @BigBangTheory, @YoungSheldon, @MomCBS, @LifeInPiecesCBS, an‚Ä¶ https://t.co/COf6Qg8Mz1"
-0.296,Thu Jan 04 14:43:09 +0000 2018,0.121,0.879,@CBS,0.0,"Current nominees @LadyGaga, @LittleBigTown, @Pink, Childish Gambino and more will perform live at the #GRAMMYs, Jan‚Ä¶ https://t.co/PlLMasNPwD"
0.5423,Wed Jan 03 20:33:09 +0000 2018,0.0,0.821,@CBS,0.179,"RT @startrekcbs: From Airiam to Zefram Cochrane, #StarTrekDiscovery features fascinating new concepts along with classic references. What's‚Ä¶"
-0.5267,Wed Jan 03 19:51:15 +0000 2018,0.167,0.833,@CBS,0.0,Torres and Bishop went undercover as a criminal couple on the latest episode of #NCIS. Catch up now:‚Ä¶ https://t.co/1iTEneHyJS
0.5423,Wed Jan 03 15:00:05 +0000 2018,0.0,0.857,@CBS,0.143,Do you know all the nominees for Artist Of The Year? Get familiar with this year's GRAMMY¬Æ Award nominees ahead of‚Ä¶ https://t.co/UQa8Mu9PUV
0.0,Wed Jan 03 12:00:01 +0000 2018,0.0,1.0,@CBS,0.0,"The new year of new episodes continues tonight with all-new episodes of #AmazingRace, #SEALTeam and #CriminalMinds‚Ä¶ https://t.co/bwhNhQgsFC"
-0.7692,Wed Jan 03 00:47:26 +0000 2018,0.267,0.733,@CBS,0.0,"RT @BullCBS: Tonight, can #Bull prove that a teen accused of robbing a jewelry store isn't responsible for the crime? Tune in at 9/8c or st‚Ä¶"
0.8516,Tue Jan 02 22:41:51 +0000 2018,0.0,0.66,@CBS,0.34,It's your last chance to choose the pro football player with the best off-the-field talent! Vote now to decide who‚Ä¶ https://t.co/6DjwqU0MB9
0.0,Tue Jan 02 08:00:03 +0000 2018,0.0,1.0,@CBS,0.0,"New year, new episodes -- all week long! It kicks off with an all-new #NCIS, #Bull and #NCISNOLA tonight starting a‚Ä¶ https://t.co/bcmAaUQJtf"
0.0,Mon Jan 01 01:16:12 +0000 2018,0.0,1.0,@CBS,0.0,"Due to #NFL football games overrun, revised start times &amp; lineup for Eastern/Central Time Zones Only:
#60Minutes 8:‚Ä¶ https://t.co/rqOYbM5j0h"
0.7798,Sun Dec 31 14:37:05 +0000 2017,0.0,0.736,@CBS,0.264,Get ready for football! Stream NFL on CBS today with #CBSAllAccess. Try 1 month FREE with promo code BINGE (not ava‚Ä¶ https://t.co/NEntvW7QHd
0.0,Sat Dec 30 20:25:20 +0000 2017,0.0,1.0,@CBS,0.0,"RT @NoActivityCBS: All season nothing's happened. Now prepare for activity. Stream the #NoActivity season finale Sunday, Dec 31 on CBS All‚Ä¶"
0.3612,Sat Dec 30 20:24:58 +0000 2017,0.0,0.884,@CBS,0.116,RT @startrekcbs: Find out what happens when you boldly go too far. #StarTrekDiscovery continues January 7 on CBS All Access: https://t.co/f‚Ä¶
0.0857,Fri Dec 29 16:06:02 +0000 2017,0.144,0.699,@CBS,0.157,Stream NC State Wolfpack at Arizona State Sun Devils LIVE today at 3PM ET with a 1-month FREE trial of‚Ä¶ https://t.co/8k50thgtip
0.1511,Thu Dec 28 20:31:01 +0000 2017,0.096,0.783,@CBS,0.121,"In case you missed this star-studded tribute to Carol Burnett's classic comedy series, catch up now! Watch The Caro‚Ä¶ https://t.co/wu7BxM9gtm"
0.0,Thu Dec 28 19:28:22 +0000 2017,0.0,1.0,@CBS,0.0,Some of TV's biggest stars saluted @TheNormanLear's impact on television and culture at The 40th Annual Kennedy Cen‚Ä¶ https://t.co/E74ChUW1uE
0.875,Wed Dec 27 22:45:05 +0000 2017,0.0,0.643,@CBS,0.357,The search is on to find the pro football player with the best off-the-field talent. Vote for your favorite player‚Ä¶ https://t.co/R0fb5ngJ16
0.7717,Wed Dec 27 21:04:10 +0000 2017,0.0,0.705,@CBS,0.295,"Celebrate everyone's favorite classic sitcom with Carol Burnett, Vicki Lawrence, and more stars during The Carol Bu‚Ä¶ https://t.co/SaiZ9TzBVO"
0.8452,Wed Dec 27 19:52:02 +0000 2017,0.0,0.663,@CBS,0.337,Joy to the world of streaming! Try #CBSAllAccess FREE for 1 month ‚Äì just use code BINGE by 1/2:‚Ä¶ https://t.co/9p1ACnslz6
0.0,Wed Dec 27 19:40:34 +0000 2017,0.0,1.0,@CBS,0.0,"Music legend Stevie Wonder salutes @LionelRichie while performing his classic hit, ""Easy"" at The 40th Annual Kenned‚Ä¶ https://t.co/7TeDeNyhgo"
0.7003,Wed Dec 27 12:00:01 +0000 2017,0.0,0.766,@CBS,0.234,"As the youngest Kennedy Center Honoree in 40 years, @LLCoolJ talks about what motivates him to chase his dreams. Wa‚Ä¶ https://t.co/DFY78y99w3"
0.8398,Wed Dec 27 07:27:33 +0000 2017,0.0,0.64,@CBS,0.36,Here's to the 2017 Kennedy Center Honorees! Catch up on an evening of stunning performances and inspiring speeches‚Ä¶ https://t.co/jGfANpSCul
0.8221,Wed Dec 27 04:00:52 +0000 2017,0.0,0.664,@CBS,0.336,This celebration could go all night long! What a great final performance in honor of @LionelRichie. #KCHonors https://t.co/xKLWpKr3v0
0.0,Wed Dec 27 03:59:48 +0000 2017,0.0,1.0,@CBS,0.0,RT @MarkAPrinceJr: A #LionelRichie tribute is not complete without üé∂All Night Longüé∂ üòÅ #KCHonors
0.8271,Wed Dec 27 03:36:01 +0000 2017,0.0,0.58,@CBS,0.42,Carmen de Lavallade (@CarmenDances) got emotional during those beautiful performances in her honor. Congratulations‚Ä¶ https://t.co/gOCAZpZDpt
0.8103,Wed Dec 27 03:35:29 +0000 2017,0.0,0.685,@CBS,0.315,RT @Glamourtunist: This tribute to Carmen de Lavallade at the #KCHonors is so beautiful and well deserved. ‚ù§Ô∏è
0.0,Wed Dec 27 03:03:49 +0000 2017,0.0,1.0,@CBS,0.0,RT @llcoolj: Attn: #HIPHOP !!!! We made history!! #KCHonors
0.5255,Wed Dec 27 03:03:26 +0000 2017,0.0,0.78,@CBS,0.22,.@llcoolj is making history! He‚Äôs the Kennedy Center‚Äôs first hip-hop honoree. #KCHonors https://t.co/kCqkOdUjtu
0.7096,Wed Dec 27 02:57:56 +0000 2017,0.0,0.753,@CBS,0.247,RT @ErinAnnCullen: #KCHonors is always a night of inspiration. Thank you to these artists for your impact on our country. ‚ù§Ô∏èüß°üíõüíöüíôüíú
0.7345,Wed Dec 27 02:48:52 +0000 2017,0.0,0.64,@CBS,0.36,Give a round of applause to television pioneer and 2017 Honoree @TheNormanLear! #KCHonors https://t.co/20UosF987x
0.6124,Wed Dec 27 02:45:34 +0000 2017,0.0,0.826,@CBS,0.174,RT @AliL: This tribute to Norman Lear on #KCHonors is outstanding AND a walk down my childhood TV memory lane. üëèüèªüì∫
0.3699,Wed Dec 27 02:28:07 +0000 2017,0.0,0.702,@CBS,0.298,RT @llcoolj: Moments I‚Äôll never forget!!! #KCHonors
0.8748,Wed Dec 27 02:26:46 +0000 2017,0.0,0.474,@CBS,0.526,.@GloriaEstefan approves of those amazing musical performances in her honor! #KCHonors https://t.co/i3EVYEoKRx
0.9601,Wed Dec 27 02:20:11 +0000 2017,0.0,0.434,@CBS,0.566,RT @thepickypantry: Beautiful tribute to @GloriaEstefan on the Kennedy Center Honors. Love Mi Tierra! Amazing and inspiring what a fighter‚Ä¶
0.8908,Wed Dec 27 02:00:29 +0000 2017,0.0,0.654,@CBS,0.346,Time to celebrate the 2017 honorees at The 40th Annual Kennedy Center Honors! Tune in now on CBS and CBS All Access‚Ä¶ https://t.co/1OULMpCfPy
0.0,Wed Dec 27 01:08:32 +0000 2017,0.0,1.0,@CBS,0.0,"Tonight, @LionelRichie, @LLCoolJ, @GloriaEstefan, @TheNormanLear &amp; Carmen de Lavallade will be recognized at The 40‚Ä¶ https://t.co/jZJqNo8h3b"
0.2415,Tue Dec 26 12:00:01 +0000 2017,0.173,0.61,@CBS,0.218,"Don't miss the breathtaking performances, standing ovations and moving tributes that will leave you inspired. Here'‚Ä¶ https://t.co/imILa52fjz"
0.5106,Mon Dec 25 12:00:05 +0000 2017,0.0,0.809,@CBS,0.191,"Experience the performances and the memories when 2017 Honorees @LionelRichie, @GloriaEstefan, Carmen de Lavallade,‚Ä¶ https://t.co/ygbqASVL7t"
-0.2263,Mon Dec 25 00:48:24 +0000 2017,0.101,0.899,@CBS,0.0,"Due to NFL overrun CBS is delayed 36mins in Charlotte/NC, Cincinnati/OH, Nashville, Atlanta, New Orleans, Baton Rou‚Ä¶ https://t.co/20mnbAhpTm"
0.7574,Sun Dec 24 20:40:42 +0000 2017,0.0,0.711,@CBS,0.289,"Tonight, get together and enjoy Christmas Eve with a two-hour marathon of your favorite classic sitcoms! Watch The‚Ä¶ https://t.co/SCv8TJy9Yp"
0.7974,Sun Dec 24 14:17:43 +0000 2017,0.0,0.727,@CBS,0.273,Get ready for football! Stream NFL on CBS today with #CBSAllAccess. Try 1 month FREE with promo code BINGE! (Not av‚Ä¶ https://t.co/6mR4bRR5Ey
0.0,Sun Dec 24 12:30:02 +0000 2017,0.0,1.0,@CBS,0.0,"All In The Family star @RobReiner gives props to legendary television writer, producer and 2017 Kennedy Center Hono‚Ä¶ https://t.co/98jc5i63zE"
0.0,Sat Dec 23 16:21:17 +0000 2017,0.0,1.0,@CBS,0.0,"Rapper @BustaRhymes pays tribute to @LLCoolJ, performing his hit song ""Mama Said Knock You Out"" at The 40th Annual‚Ä¶ https://t.co/CRjQArUqwd"
0.8236,Sat Dec 23 15:00:02 +0000 2017,0.0,0.714,@CBS,0.286,"Oh, what fun it is to stream! Start a 1-month FREE trial of #CBSAllAccess now. Use promo code BINGE by 1/2:‚Ä¶ https://t.co/rSAnDJDgbI"
0.7712,Sat Dec 23 12:37:04 +0000 2017,0.0,0.645,@CBS,0.355,CBS stars are glowing with holiday spirit! See how the stars are getting festive this season:‚Ä¶ https://t.co/7qYTHoxFIc
0.743,Sat Dec 23 07:24:44 +0000 2017,0.107,0.583,@CBS,0.311,Spread some holiday cheer and laugh along with Dick Van Dyke and Mary Tyler Moore in two back-to-back episodes of T‚Ä¶ https://t.co/N89JoYvXZW
0.8687,Sat Dec 23 06:39:45 +0000 2017,0.0,0.635,@CBS,0.365,Come home for the holidays with Lucy and Ricky in the I Love Lucy Christmas Special! Stream the full show:‚Ä¶ https://t.co/s7f9mjEtER
-0.1531,Sat Dec 23 01:38:37 +0000 2017,0.127,0.769,@CBS,0.104,"Tonight at 9/8c, gather the family for two hilarious episodes of this classic sitcom in The Dick Van Dyke Show- Now‚Ä¶ https://t.co/YcyECVr2NN"
0.9422,Sat Dec 23 00:39:52 +0000 2017,0.0,0.531,@CBS,0.469,Get ready to laugh in the holidays tonight with Lucy and the gang in the I Love Lucy Christmas Special at 8/7c! Str‚Ä¶ https://t.co/txU2TwXWOg
0.6588,Fri Dec 22 19:35:35 +0000 2017,0.0,0.759,@CBS,0.241,"Tonight, ring in the holidays with two back-to-back episodes of a timeless comedy classic, now in color! Watch the‚Ä¶ https://t.co/skJsgJdQel"
0.6597,Fri Dec 22 18:03:20 +0000 2017,0.0,0.722,@CBS,0.278,"Groundbreaking, daring, fearless. This is CBS All Access Originals. 

Sign up now to watch @StarTrekCBS,‚Ä¶ https://t.co/kvPsJafYrN"
0.5255,Fri Dec 22 14:04:52 +0000 2017,0.0,0.841,@CBS,0.159,2017 Honoree @LLCoolJ is the first hip-hop artist recognized at the #KCHonors! Learn more about the @NCISLA star's‚Ä¶ https://t.co/eK91KdBNpG
0.8718,Thu Dec 21 12:04:04 +0000 2017,0.0,0.632,@CBS,0.368,"She's at it again! Tomorrow, relive Lucy's hilarious antics during the I Love Lucy Christmas Special at 8/7c on CBS‚Ä¶ https://t.co/g01UGGLEDk"
0.6597,Thu Dec 21 01:04:27 +0000 2017,0.0,0.787,@CBS,0.213,"RT @survivorcbs: 6 heroes, 6 healers, 6 hustlers, but only 1 sole #Survivor. Ready to find out who it is? Tune in to the #SurvivorFinale no‚Ä¶"
0.3818,Wed Dec 20 23:00:04 +0000 2017,0.0,0.843,@CBS,0.157,Watch @kelly_clarkson deliver a moving performance of 'Christmas Eve' during A Home for the Holidays with‚Ä¶ https://t.co/TAcstl7VYh
0.743,Wed Dec 20 21:08:10 +0000 2017,0.0,0.751,@CBS,0.249,"In two days, celebrate the holidays with the gang with two back-to-back episodes of the classic sitcom during the I‚Ä¶ https://t.co/FRr8jX7MXZ"
0.7222,Wed Dec 20 20:10:15 +0000 2017,0.0,0.719,@CBS,0.281,2017 Honoree @LLCoolJ salutes James Brown for paving the way for artists like himself. Don't miss The 40th Annual K‚Ä¶ https://t.co/310Wfk7EoW
0.0,Wed Dec 20 19:31:47 +0000 2017,0.0,1.0,@CBS,0.0,Singer-songwriter @JoshGroban delivers a powerhouse performance while raising awareness of adoption through foster‚Ä¶ https://t.co/FiQKJdx7Ty
0.5423,Wed Dec 20 15:30:01 +0000 2017,0.0,0.857,@CBS,0.143,Do you know all the nominees for Album Of The Year? Get familiar with this year's GRAMMY¬Æ  Award nominees ahead of‚Ä¶ https://t.co/GYnxLT3n4p
0.1139,Wed Dec 20 01:01:19 +0000 2017,0.0,0.941,@CBS,0.059,RT @survivorcbs: This finale is going to be unlike any ending in the history of #Survivor. Don't miss the finale + reunion all starting Wed‚Ä¶
0.7644,Wed Dec 20 00:14:34 +0000 2017,0.0,0.708,@CBS,0.292,"This Friday, gather around the tree and celebrate the holidays with Lucille Ball! Watch two colorized back-to-back‚Ä¶ https://t.co/4wopbmS4ez"
0.0,Tue Dec 19 21:12:50 +0000 2017,0.0,1.0,@CBS,0.0,Kevin and Vanessa took a trip back in time on last night's #KevinCanWait. Watch the latest episode now:‚Ä¶ https://t.co/SAqbLOd1Pg
0.3818,Tue Dec 19 21:00:03 +0000 2017,0.0,0.852,@CBS,0.148,"Find out how to watch A Home for the Holidays with @JoshGroban, featuring performances by @Kelly_Clarkson,‚Ä¶ https://t.co/Y6zrR9PigH"
0.5719,Tue Dec 19 15:30:04 +0000 2017,0.0,0.791,@CBS,0.209,"In one week, celebrate a night of legends when @LionelRichie, @GloriaEstefan, Carmen de Lavallade (@CarmenDances),‚Ä¶ https://t.co/u7eXxb521H"
0.0,Tue Dec 19 14:42:58 +0000 2017,0.0,1.0,@CBS,0.0,"Kick off The 60th Annual #GRAMMYs with @NancyODell, @KevinFrazier &amp; @KeltieKnight as they go behind the scenes with‚Ä¶ https://t.co/J6KDEGV1g1"
0.6808,Tue Dec 19 00:39:07 +0000 2017,0.0,0.714,@CBS,0.286,"Country crooner Luke Bryan (@LukeBryanOnline) honors @LionelRichie with a smooth rendition of his original song, 'P‚Ä¶ https://t.co/XIF7ESukR8"
0.875,Mon Dec 18 22:53:34 +0000 2017,0.0,0.643,@CBS,0.357,The search is on to find the pro football player with the best off-the-field talent. Vote for your favorite player‚Ä¶ https://t.co/7uXC3SEz96
0.8957,Mon Dec 18 21:32:25 +0000 2017,0.0,0.505,@CBS,0.495,"It's the greatest gift a family can give. Celebrate adoption with superstars @JoshGroban, @Kelly_Clarkson,‚Ä¶ https://t.co/1wc6meuGF7"
0.7569,Mon Dec 18 18:40:55 +0000 2017,0.0,0.712,@CBS,0.288,"Mark your calendars! @NCISLA star @LLCoolJ will host MVP: Most Valuable Performer, a new interactive talent show to‚Ä¶ https://t.co/s2LilAv50X"
0.0,Mon Dec 18 00:42:56 +0000 2017,0.0,1.0,@CBS,0.0,"Approximate start times for #CBS tonight (East &amp; Midwest):
#60Minutes 7:38p/6:38c
#WisdomoftheCrowd 8:38p/7:38c‚Ä¶ https://t.co/tFKrUBcv8B"
0.5093,Mon Dec 18 00:00:40 +0000 2017,0.0,0.859,@CBS,0.141,"RT @kencen: Look back on favorite #KCHonors tributes before the Dec. 26 @CBS broadcast! From 2002: @aliciakeys sings ""Bridge Over Troubled‚Ä¶"
0.8527,Sun Dec 17 17:48:58 +0000 2017,0.044,0.576,@CBS,0.38,"This Friday, you won't want to miss this priceless treasure when the I Love Lucy Christmas Special airs at 8/7c on‚Ä¶ https://t.co/oyC9YDno00"
0.7798,Sun Dec 17 15:39:38 +0000 2017,0.0,0.725,@CBS,0.275,Get ready for football! Stream NFL on CBS today with #CBSAllAccess. Try 1 week FREE (not available on mobile phones‚Ä¶ https://t.co/cNMa11dmza
0.25,Sat Dec 16 18:29:05 +0000 2017,0.0,0.875,@CBS,0.125,RT @HawaiiFive0CBS: Was it all a dream? Catch up on the #H50 Fall Finale: https://t.co/PDeOIaDGqu https://t.co/msEijhSSJH
0.1867,Sat Dec 16 12:00:07 +0000 2017,0.0,0.92,@CBS,0.08,"In less than a week, Lucy and Ricky will return to your screens... in full color! Don't miss two back-to-back episo‚Ä¶ https://t.co/rtmvB5Cj1D"
0.5423,Fri Dec 15 20:23:58 +0000 2017,0.0,0.857,@CBS,0.143,Do you know all the nominees for Record Of The Year? Get familiar with this year's GRAMMY¬Æ Award nominees ahead of‚Ä¶ https://t.co/lXDIu1STfq
0.6114,Fri Dec 15 14:43:08 +0000 2017,0.0,0.8,@CBS,0.2,'Elton John: I'm Still Standing - A GRAMMY¬Æ Salute' will celebrate Elton John's legendary career and timeless hits!‚Ä¶ https://t.co/6M38jQQpTA
0.5106,Thu Dec 14 19:13:25 +0000 2017,0.0,0.798,@CBS,0.202,"Get to know 2017 Kennedy Center honorees @LLCoolJ, Carmen de Lavallade (@CarmenDances), @GloriaEstefan,‚Ä¶ https://t.co/RGe3zqmY08"
0.0,Wed Dec 13 23:20:01 +0000 2017,0.0,1.0,@CBS,0.0,"So close, yet so far away. Which #Survivor Castaways Will Earn Their Spot In The Final Five? More:‚Ä¶ https://t.co/efeBVa4p26"
0.5093,Wed Dec 13 18:56:58 +0000 2017,0.0,0.798,@CBS,0.202,RT @BandB_CBS: Take a walk down #BoldandBeautiful memory lane! RT your favorite #Steam moment. https://t.co/kxeD2br8Tc
0.0,Tue Dec 12 20:34:16 +0000 2017,0.0,1.0,@CBS,0.0,"RT @thegoodfight: Court is back in session. Season 2 of #TheGoodFight premieres March 4, exclusively on CBS All Access: https://t.co/Niu5a8‚Ä¶"
0.5562,Tue Dec 12 19:04:59 +0000 2017,0.0,0.854,@CBS,0.146,Only two weeks until The 40th Annual Kennedy Center Honors air on December 26! Look back on four decades of inspiri‚Ä¶ https://t.co/z4J8sfs55V
0.555,Tue Dec 12 17:13:52 +0000 2017,0.0,0.826,@CBS,0.174,"Mark your calendars! The 53rd Academy Of Country Music Awards will air Sunday, April 15 on CBS!‚Ä¶ https://t.co/yYPc5rCiMW"
0.8832,Mon Dec 11 21:29:33 +0000 2017,0.0,0.636,@CBS,0.364,The search is on to find the pro football player with the best off-the-field talent! Vote for your favorite perform‚Ä¶ https://t.co/musmVXrRJz
0.4939,Mon Dec 11 19:05:21 +0000 2017,0.086,0.703,@CBS,0.211,RT @MadamSecretary: No D.C. holiday party is complete without some political persuasion and a covert sting to bust a corrupt senator. üéÑ‚≠êÔ∏è S‚Ä¶
-0.2263,Mon Dec 11 00:26:50 +0000 2017,0.083,0.917,@CBS,0.0,"Due to NFL overrun, CBS is delayed 8 mins in the following ET &amp; CT markets: Hunstville, AL, Bowling Green, KY, MS,‚Ä¶ https://t.co/gbwhgooEQd"
0.34,Wed Jan 10 03:17:44 +0000 2018,0.0,0.893,@FoxNews,0.107,".@IngrahamAngle: ""If [@POTUS] can get these entrenched elites in DC to secure this border, and focus on the needs o‚Ä¶ https://t.co/oIUgKbA0iK"
-0.4767,Wed Jan 10 03:09:49 +0000 2018,0.22,0.78,@FoxNews,0.0,"'Topless' woman, boyfriend arrested for alleged attempted robbery of Uber driver https://t.co/SjimeJmOCD"
0.0,Wed Jan 10 03:05:26 +0000 2018,0.0,1.0,@FoxNews,0.0,".@LaraLeaTrump: ""It's going to be a lot harder, I think, to run against [@POTUS] in 2020 than anybody is suggesting‚Ä¶ https://t.co/oq5a2RhNmj"
-0.0665,Wed Jan 10 02:50:49 +0000 2018,0.117,0.779,@FoxNews,0.104,".@KellyannePolls on immigration reform: ""This is a president who is talking about national interests, not special i‚Ä¶ https://t.co/vWjh3e3tnp"
0.2023,Wed Jan 10 02:45:37 +0000 2018,0.0,0.859,@FoxNews,0.141,.@RepMcCaul: #Trump 'On Top of His Game' at @WhiteHouse Meeting  #TheStory  https://t.co/qISzgnZT24
0.0,Wed Jan 10 02:40:47 +0000 2018,0.0,1.0,@FoxNews,0.0,"#Trump lawyer files defamation suits against @BuzzFeed, Fusion GPS over Russia dossier https://t.co/JFARfR6uLV"
0.5574,Wed Jan 10 02:37:13 +0000 2018,0.0,0.765,@FoxNews,0.235,".@KellyannePolls ""We have spent billions of dollars over decades helping other countries secure their own borders..‚Ä¶ https://t.co/rIwGN1K0tH"
0.4019,Wed Jan 10 02:28:50 +0000 2018,0.0,0.856,@FoxNews,0.144,".@seanhannity on immigration negotiations: ""The Democratic Party and their opposition to what President #Trump is a‚Ä¶ https://t.co/vLTGeWbgJv"
-0.34,Wed Jan 10 02:14:30 +0000 2018,0.179,0.821,@FoxNews,0.0,US OKs selling Japan missiles to shoot down North Korean missiles https://t.co/pNWvLPk4P7
0.0,Wed Jan 10 02:05:00 +0000 2018,0.0,1.0,@FoxNews,0.0,"North Carolina man sold puppy for meth, police say https://t.co/qgCVdasg8H"
-0.7497,Wed Jan 10 01:55:34 +0000 2018,0.477,0.523,@FoxNews,0.0,YouTube on @LoganPaul video: 'Suicide is not a joke' https://t.co/qPx9bG6oQ2
-0.1531,Wed Jan 10 01:51:48 +0000 2018,0.239,0.563,@FoxNews,0.197,WWE star rescued after being trapped in airplane bathroom https://t.co/Wk5iLCo1Vk
0.0,Wed Jan 10 01:48:08 +0000 2018,0.0,1.0,@FoxNews,0.0,".@RepSwalwell: ""All of the arrows continue to point to a personal, political, and financial relationship that Donal‚Ä¶ https://t.co/RGa4DXIfly"
-0.296,Wed Jan 10 01:37:50 +0000 2018,0.196,0.804,@FoxNews,0.0,"No oil drilling off Florida coast, #Trump administration says https://t.co/4WMS77S2S2"
-0.7506,Wed Jan 10 01:32:40 +0000 2018,0.37,0.509,@FoxNews,0.12,"Doctor ordered radio host wife's killing to protect illegal drug ring, prosecutors say https://t.co/oesGSGdUXF"
0.0,Wed Jan 10 01:26:46 +0000 2018,0.0,1.0,@FoxNews,0.0,#Grammys 2018 performers and presenters https://t.co/WoXsDgx8uN
0.6249,Wed Jan 10 01:18:49 +0000 2018,0.0,0.785,@FoxNews,0.215,".@RodneyDavis on @POTUS' bipartisan immigration meeting: ""I thought the president showed great leadership on a very‚Ä¶ https://t.co/Nsit2wT15q"
-0.0516,Wed Jan 10 01:13:55 +0000 2018,0.134,0.743,@FoxNews,0.124,".@Jorgeramosnews on @POTUS' bipartisan immigration meeting: ""We have an immigration problem, I think we all agree w‚Ä¶ https://t.co/3JKvd9Pgf1"
-0.4939,Wed Jan 10 01:08:50 +0000 2018,0.138,0.862,@FoxNews,0.0,"Substitute teacher, 40, who had sex with teen boy student while her husband and children were upstairs is jailed ag‚Ä¶ https://t.co/CzkiWufm7W"
0.3034,Wed Jan 10 01:05:06 +0000 2018,0.0,0.89,@FoxNews,0.11,EXCLUSIVE: @VP #MikePence speaks to @marthamaccallum on #TheStory. Tune in to Fox News Channel Wednesday at 7p ET. https://t.co/S1KKMN8xGi
0.0,Wed Jan 10 01:00:42 +0000 2018,0.0,1.0,@FoxNews,0.0,"During the White House briefing this afternoon, @PressSec said participants in a bipartisan immigration meeting rea‚Ä¶ https://t.co/DnBlMe9qYZ"
0.2023,Wed Jan 10 00:57:12 +0000 2018,0.218,0.575,@FoxNews,0.207,California zoning law banning gun shops is challenged in Supreme Court filing https://t.co/xNKEgoQrJG
-0.6597,Wed Jan 10 00:47:05 +0000 2018,0.253,0.747,@FoxNews,0.0,North Korea's rare face-to-face held in 'truce village' where Americans once were murdered https://t.co/8l69RnlK9e
0.4939,Wed Jan 10 00:43:54 +0000 2018,0.0,0.811,@FoxNews,0.189,".@gen_jackkeane on North Korea talks: ""We all want something good to come out of it and I think the administration‚Ä¶ https://t.co/LXdQZSUkXy"
0.0,Wed Jan 10 00:24:57 +0000 2018,0.0,1.0,@FoxNews,0.0,".@marcthiessen on televised immigration negotiations: ""#DonaldTrump was in command. He was informed. He was moving‚Ä¶ https://t.co/DSqjiKXc3v"
-0.6486,Wed Jan 10 00:20:07 +0000 2018,0.235,0.765,@FoxNews,0.0,"JUST IN: At least 13 dead in California mudslides, Santa Barbara County Sheriff confirms https://t.co/qav6ONUJA3"
0.3612,Wed Jan 10 00:15:16 +0000 2018,0.0,0.884,@FoxNews,0.116,".@RepMcCaul  on immigration negotiations: ""Like the president said, he's going to lock the doors and make us work o‚Ä¶ https://t.co/ndrM4zF46Y"
-0.765,Tue Jan 09 23:56:19 +0000 2018,0.337,0.663,@FoxNews,0.0,Arkansas man accused of killing wife after she changed channel from football game https://t.co/itIOy8nlgk https://t.co/MD2LWGFk5q
0.6705,Tue Jan 09 23:54:09 +0000 2018,0.0,0.718,@FoxNews,0.282,".@KatiePavlich on @POTUS' bipartisan immigrant meeting: ""It definitely gave the @WhiteHouse an opportunity to take‚Ä¶ https://t.co/EnCqxeSsno"
0.6486,Tue Jan 09 23:51:50 +0000 2018,0.0,0.725,@FoxNews,0.275,.@TheJuanWilliams shares the heartwarming story of a Dallas school that asked for volunteers to attend a father-son‚Ä¶ https://t.co/4Ft43DvX5c
-0.4939,Tue Jan 09 23:49:11 +0000 2018,0.167,0.833,@FoxNews,0.0,".@Jonathanvswan on @POTUS' bipartisan immigrant meeting: ""The Republican leaders are still paralyzed with fear of a‚Ä¶ https://t.co/NynvnJOzRx"
0.34,Tue Jan 09 23:46:12 +0000 2018,0.0,0.844,@FoxNews,0.156,".@JpaceDC: ""To Democrats and Republicans, border security can mean very different things."" https://t.co/F3THn7iBDA‚Ä¶ https://t.co/M8WeTlXjk4"
0.4466,Tue Jan 09 23:41:04 +0000 2018,0.0,0.773,@FoxNews,0.227,.@SpaceX says rocket performance OK in secret satellite launch https://t.co/HPVUNs51Ak https://t.co/am53pG04mx
-0.8555,Tue Jan 09 23:35:41 +0000 2018,0.573,0.427,@FoxNews,0.0,Musicians outraged after airline severely damages 17th century instrument https://t.co/mWYG8VPHg2
-0.5267,Tue Jan 09 23:29:03 +0000 2018,0.221,0.779,@FoxNews,0.0,Chinatown market slapped with health violations after worker caught standing on fish https://t.co/oV92eCbmOV
0.0,Tue Jan 09 23:24:03 +0000 2018,0.0,1.0,@FoxNews,0.0,"US Chamber of Commerce President and CEO Thomas Donohue on tax reform: ""This is not the government's money. This is‚Ä¶ https://t.co/yuPS1M3vpA"
0.0,Tue Jan 09 23:14:40 +0000 2018,0.0,1.0,@FoxNews,0.0,"President #Trump brings up the possibility of reinstating earmarks, @MikeEmanuelFox reports https://t.co/z3gl3BDtTp"
0.0,Tue Jan 09 23:14:25 +0000 2018,0.0,1.0,@FoxNews,0.0,.@kimguilfoyle highlights #LawEnforcementAppreciationDay  #TheFive https://t.co/TkmovAgxdr
0.5106,Tue Jan 09 23:10:07 +0000 2018,0.0,0.784,@FoxNews,0.216,'F--- the police': Chelsea Manning slams cops on Law Enforcement Appreciation Day https://t.co/bJPT7OkDWh
0.3178,Tue Jan 09 23:04:57 +0000 2018,0.125,0.645,@FoxNews,0.23,".@JesseBWatters: ""I think @TheDemocrats are squirrelly...I don't trust that they're going to commit to merit [based‚Ä¶ https://t.co/Qbp0uqSRoU"
0.0,Tue Jan 09 23:02:38 +0000 2018,0.0,1.0,@FoxNews,0.0,"WINTER WONDERLAND: The Ice Castles in Stillwater, Minnesota, have opened their doors to the public for the second y‚Ä¶ https://t.co/qUYq220qkT"
0.0,Tue Jan 09 22:49:52 +0000 2018,0.0,1.0,@FoxNews,0.0,".@TheJuanWilliams on speculation of @Oprah presidential run: ""She has name recognition. She has money - I mean, she‚Ä¶ https://t.co/eAXY8eNibU"
0.0,Tue Jan 09 22:42:57 +0000 2018,0.0,1.0,@FoxNews,0.0,.@AlanDersh: Don't diagnose #Trump - respond to him https://t.co/AwZlVE8a6k
0.0,Tue Jan 09 22:34:05 +0000 2018,0.0,1.0,@FoxNews,0.0,".@AlvedaCKing: @Kaepernick7 Has 'The Method, But Not the Message'  #Cavuto https://t.co/EKaG9eHwWE"
-0.743,Tue Jan 09 22:28:40 +0000 2018,0.441,0.559,@FoxNews,0.0,.@StateDept probing possibility of viral attack in Cuba illnesses https://t.co/URVWxFOAG4
0.0,Tue Jan 09 21:59:39 +0000 2018,0.0,1.0,@FoxNews,0.0,".@Cvpayne on earmarks: ""Do your job. You don't need these kinds of gimmicks."" #Cavuto https://t.co/DXFViYDECF"
-0.7003,Tue Jan 09 21:57:21 +0000 2018,0.309,0.691,@FoxNews,0.0,Stolen flintlock rifle that was used at Battle of New Orleans returned to museum https://t.co/aCSjhDamXr
-0.3306,Tue Jan 09 21:52:21 +0000 2018,0.195,0.674,@FoxNews,0.13,".@Davidburstein: ""Earmarks have really gotten a very bad rap...but actually they help grease the wheels a lot.""‚Ä¶ https://t.co/XJOddsE0F4"
0.2466,Tue Jan 09 21:47:41 +0000 2018,0.115,0.722,@FoxNews,0.163,".@Shelbyholliday on possibility of @POTUS bringing back earmarks: ""Congress has very low approval ratings...A lot o‚Ä¶ https://t.co/543fKlDxcL"
0.0,Tue Jan 09 21:34:01 +0000 2018,0.0,1.0,@FoxNews,0.0,".@LarrySabato on possibility of @Oprah running for president in 2020: ""Politics is a hothouse, and most people wilt‚Ä¶ https://t.co/DbKZC7NUO8"
0.7579,Tue Jan 09 21:28:48 +0000 2018,0.0,0.698,@FoxNews,0.302,".@RepKevinBrady: ""Already we're seeing millions of Americans who are seeing higher paychecks, new bonuses, better s‚Ä¶ https://t.co/1x8OBdHs54"
-0.4767,Tue Jan 09 21:22:06 +0000 2018,0.341,0.659,@FoxNews,0.0,Messaging service Slack suffers major outage https://t.co/dy9Und3jdu
0.2382,Tue Jan 09 21:20:29 +0000 2018,0.0,0.902,@FoxNews,0.098,".@Theonlyhonest on @POTUS' bipartisan immigration meeting: ""It was good not just for the @POTUS, but I think the Am‚Ä¶ https://t.co/rcCpxO4WXq"
0.0,Tue Jan 09 21:15:43 +0000 2018,0.0,1.0,@FoxNews,0.0,BREAKING: Steve Bannon steps down as executive chairman of Breitbart News https://t.co/M0XvBkPoeF
0.0,Tue Jan 09 21:14:26 +0000 2018,0.0,1.0,@FoxNews,0.0,".@JoeConchaTV on @POTUS' bipartisan meeting on immigration: ""This was a street-smart move by the president."" #Cavuto https://t.co/24kl6gpTum"
0.0,Tue Jan 09 21:11:33 +0000 2018,0.0,1.0,@FoxNews,0.0,"RT @FoxBusiness: #BreakingNews: The Dow Jones Industrial Average, S&amp;P 500, and Nasdaq all close the day at new record highs. This is the 75‚Ä¶"
-0.6705,Tue Jan 09 21:07:22 +0000 2018,0.333,0.667,@FoxNews,0.0,"Southern California mudslides, flooding leave at least 6 dead in Montecito, highways closed https://t.co/lBX3WLPcqL"
0.0,Tue Jan 09 21:01:03 +0000 2018,0.0,1.0,@FoxNews,0.0,Former Maricopa Country Sheriff Joe Arpaio announces bid for U.S. Senate seat in Arizona https://t.co/vdpeQ5ZyOR https://t.co/CNbvD9m6Fx
0.0,Tue Jan 09 20:51:57 +0000 2018,0.0,1.0,@FoxNews,0.0,"SPOTTED: A bunch of bats invaded a Walmart in Alvin, Texas. https://t.co/ODgAOt30kS"
-0.4215,Tue Jan 09 20:50:22 +0000 2018,0.149,0.851,@FoxNews,0.0,"Thousands of flying foxes are 'boiled alive,' freaking people out as they fall from the sky https://t.co/iAwrzFqX7n"
0.0,Tue Jan 09 20:49:30 +0000 2018,0.0,1.0,@FoxNews,0.0,".@Judgenap: ""A voluntary meeting between @POTUS and his lawyers and Bob Mueller and his FBI agents...would be catas‚Ä¶ https://t.co/UlqSEyivoy"
0.6705,Tue Jan 09 20:37:10 +0000 2018,0.0,0.723,@FoxNews,0.277,".@POTUS: ""The safety and security of the people of this country are the @POTUS' number one responsibility, and his‚Ä¶ https://t.co/Q502cSlBVw"
0.34,Tue Jan 09 20:34:22 +0000 2018,0.0,0.789,@FoxNews,0.211,".@PressSec: ""@POTUS wants border security, just to be clear."" https://t.co/LcB6P8kRfh"
0.5849,Tue Jan 09 20:32:07 +0000 2018,0.0,0.78,@FoxNews,0.22,".@PressSec: ""[Drug trafficking] is certainly a factor. It's one of the reasons @POTUS is very committed to border s‚Ä¶ https://t.co/6yleOHSmxU"
0.34,Tue Jan 09 20:29:10 +0000 2018,0.0,0.876,@FoxNews,0.124,".@PressSec on border security: ""[@POTUS] says...'Let's work together. Let's figure this out. I'm leading on this ef‚Ä¶ https://t.co/Gi8rJ3yFJ3"
0.4215,Tue Jan 09 20:21:57 +0000 2018,0.0,0.865,@FoxNews,0.135,".@PressSec on upcoming Winter Olympics: ""The North Korean participation is an opportunity for the regime to see the‚Ä¶ https://t.co/EGaCSVW8pI"
0.9001,Tue Jan 09 20:17:24 +0000 2018,0.0,0.5,@FoxNews,0.5,".@PressSec: ""@POTUS is still 100 percent focused and committed to promoting policies that promote strength for Amer‚Ä¶ https://t.co/jwyllO1tkO"
0.0,Tue Jan 09 20:14:26 +0000 2018,0.0,1.0,@FoxNews,0.0,".@PressSec on #Trump's suggestion to use earmarks: ""We've gotten to a place where Democrats and Republicans are fig‚Ä¶ https://t.co/Gaf2uclXgc"
0.34,Tue Jan 09 20:09:00 +0000 2018,0.0,0.833,@FoxNews,0.167,".@PressSec: ""We certainly believe that the wall is part of border security."" https://t.co/3MUsPkMiLY"
0.0,Tue Jan 09 20:07:47 +0000 2018,0.0,1.0,@FoxNews,0.0,".@PressSec on bipartisan immigration meeting: ""@POTUS is setting himself up to achieve what everybody in that room‚Ä¶ https://t.co/mW7o1OOzom"
0.624,Tue Jan 09 20:03:29 +0000 2018,0.0,0.796,@FoxNews,0.204,".@PressSec: ""The President just concluded what we felt was a very successful and productive bipartisan and bicamera‚Ä¶ https://t.co/rSXnNA2JMS"
0.0,Tue Jan 09 19:51:32 +0000 2018,0.0,1.0,@FoxNews,0.0,"AEI Director of Domestic Policy Studies @streeterryan: ""Welfare reform should really be about getting people attach‚Ä¶ https://t.co/JcmiEdNS3N"
0.0,Tue Jan 09 19:44:16 +0000 2018,0.0,1.0,@FoxNews,0.0,Transcript of Fusion GPS founder's Senate Judiciary Committee testimony just released https://t.co/6hpAKgYBOt https://t.co/x9W0U3KHgz
0.0,Tue Jan 09 19:39:53 +0000 2018,0.0,1.0,@FoxNews,0.0,Louisiana teacher removed from school board meeting in handcuffs https://t.co/cJsGSoaxXu
0.128,Tue Jan 09 19:36:22 +0000 2018,0.0,0.923,@FoxNews,0.077,".@Mschlapp on @POTUS' bipartisan meeting: ""I have a feeling that this is going to spur other Democrats...to say, 'H‚Ä¶ https://t.co/0ULUO34Pea"
-0.6705,Tue Jan 09 19:35:45 +0000 2018,0.243,0.757,@FoxNews,0.0,"JUST IN: 'Somebody's already been killed' because of Trump dossier, Fusion GPS rep revealed https://t.co/xaZHGIxnZI"
0.0,Tue Jan 09 19:29:47 +0000 2018,0.0,1.0,@FoxNews,0.0,AWAITING: White House briefing https://t.co/xWZMiv4cE0
0.0,Tue Jan 09 19:26:56 +0000 2018,0.0,1.0,@FoxNews,0.0,Uproar over Salvadoran decision could give #Trump bargaining chip in immigration talks https://t.co/uSNekhWMSY
-0.25,Tue Jan 09 19:22:10 +0000 2018,0.255,0.543,@FoxNews,0.201,Clinton rape accuser Juanita Broaddrick slams Oprah Winfrey's celebrated #GoldenGlobes speech https://t.co/vl26vlb47k
0.6369,Tue Jan 09 19:11:21 +0000 2018,0.0,0.704,@FoxNews,0.296,"Meet North Korea's best - and for now, only ‚Äì winter Olympians https://t.co/GmSuYmGHbK"
-0.34,Tue Jan 09 19:10:00 +0000 2018,0.138,0.862,@FoxNews,0.0,"Apple under fire in France for 'planned obsolescence,' could face big fines https://t.co/v0gH3l7qEX #FNTech (via @christocarbone)"
0.0,Tue Jan 09 19:06:23 +0000 2018,0.0,1.0,@FoxNews,0.0,"Millie Wall is turning 100 later this year, and she got an early birthday present from the Minnesota @Vikings. Watc‚Ä¶ https://t.co/NyC3YDIw8s"
0.5719,Tue Jan 09 18:59:50 +0000 2018,0.0,0.68,@FoxNews,0.32,".@RepMcSally: ""We've got to make sure that we secure our border."" https://t.co/81v8PV2paW"
0.0,Tue Jan 09 18:55:31 +0000 2018,0.0,1.0,@FoxNews,0.0,".@RepMcSally on @POTUS's bipartisan immigration meeting: ""It was a very constructive meeting."" https://t.co/KZgCemIeTu"
0.3612,Tue Jan 09 18:41:29 +0000 2018,0.0,0.839,@FoxNews,0.161,".@POTUS on the wall: ""I like to build under budget, ahead of schedule."" https://t.co/Dqg1tUyyBG"
0.2732,Tue Jan 09 18:39:56 +0000 2018,0.0,0.913,@FoxNews,0.087,".@POTUS: ""We need a certain portion of that border to have the wall. If you don't have it, you can never have secur‚Ä¶ https://t.co/2RAwr82cOK"
0.6249,Tue Jan 09 18:36:15 +0000 2018,0.0,0.814,@FoxNews,0.186,".@POTUS on immigration: ""Everybody wants a solution... I think we have a great group of people to sit down and get‚Ä¶ https://t.co/GiJTqgyfes"
-0.1027,Tue Jan 09 18:36:11 +0000 2018,0.103,0.822,@FoxNews,0.075,"Dems change tune on border wall, after backing barrier under Obama - via @brookefoxnews
https://t.co/EHMKKUaT2m"
-0.296,Tue Jan 09 18:23:12 +0000 2018,0.128,0.872,@FoxNews,0.0,".@POTUS on DACA: ""There should be no reason not for us to get this done."" https://t.co/DFJTIBAcvY"
0.5709,Tue Jan 09 18:19:32 +0000 2018,0.0,0.802,@FoxNews,0.198,".@POTUS: ""We have a country that's doing very well in many respects. We're just hitting a new high on the stock mar‚Ä¶ https://t.co/XbHIvzTUPe"
0.0,Tue Jan 09 18:14:22 +0000 2018,0.0,1.0,@FoxNews,0.0,".@POTUS: ""Maybe all of you should start thinking about going back to a form of earmarks."" https://t.co/9ItDBdIKal"
0.0,Tue Jan 09 18:12:11 +0000 2018,0.0,1.0,@FoxNews,0.0,".@POTUS: ""We have to take politics out of the military."" https://t.co/slUkMpdysx"
0.0,Tue Jan 09 18:10:20 +0000 2018,0.0,1.0,@FoxNews,0.0,".@POTUS: ""We need our military desperately... We're rebuilding and we're building it up quickly."" https://t.co/yEFta5iRUU"
0.0258,Tue Jan 09 18:10:00 +0000 2018,0.0,0.936,@FoxNews,0.064,Travel industry to launch coalition to lobby Trump as international visits to US decline https://t.co/62OfpbNpzC (v‚Ä¶ https://t.co/4vkbUv6R0J
0.6249,Tue Jan 09 18:04:52 +0000 2018,0.0,0.823,@FoxNews,0.177,".@POTUS: ""I think we should have merit-based immigration... so we have people coming in who have a great track reco‚Ä¶ https://t.co/a5mumv19on"
0.0936,Tue Jan 09 18:00:44 +0000 2018,0.091,0.802,@FoxNews,0.107,".@WhipHoyer: ""Democrats are for security at the border... There is not a Democrat that is not for having secure bor‚Ä¶ https://t.co/joaML2hjUn"
0.0,Tue Jan 09 17:57:16 +0000 2018,0.0,1.0,@FoxNews,0.0,".@SenatorDurbin on DACA: ""Lives are hanging in the balance of our getting the job done."" https://t.co/qZPHIN0Gwp"
-0.6705,Tue Jan 09 17:57:00 +0000 2018,0.333,0.667,@FoxNews,0.0,"Southern California mudslides, flooding leave at least 5 dead, highways closed (via @travfed)‚Ä¶ https://t.co/eddJMzojGR"
0.3612,Tue Jan 09 17:46:49 +0000 2018,0.0,0.848,@FoxNews,0.152,".@POTUS: ""I like Oprah, I don't think she's going to run... I know her very well."" https://t.co/qdWRWQdEcO"
-0.5302,Tue Jan 09 17:25:26 +0000 2018,0.181,0.819,@FoxNews,0.0,".@kilmeade on North Korea: ""You can't just let people compete in the Olympics because you don't want them to bomb y‚Ä¶ https://t.co/QeOuqtZLOg"
-0.3465,Wed Jan 10 03:17:04 +0000 2018,0.099,0.901,@nytimes,0.0,"RT @jwpetersNYT: NEW details on Bannon's final days. He seemed in denial, was dismissive of the Mercers and didn't actually OK his non-apol‚Ä¶"
0.0,Wed Jan 10 03:02:07 +0000 2018,0.0,1.0,@nytimes,0.0,"Power may be back for more than 90% of customers on the U.S. Virgin Islands, officials say, but the recovery will b‚Ä¶ https://t.co/zKLdf1BJpP"
0.4019,Wed Jan 10 02:47:02 +0000 2018,0.0,0.87,@nytimes,0.13,Coal baron Robert Murray gave Donald Trump a wish list for the coal industry. The Trump administration has treated‚Ä¶ https://t.co/awdYa8jCoM
-0.6808,Wed Jan 10 02:32:08 +0000 2018,0.25,0.672,@nytimes,0.078,"When a woman was raped in a Brooklyn park in 1994, a columnist called it a hoax. But new DNA testing has solved the‚Ä¶ https://t.co/xRAISHWZVF"
-0.3612,Wed Jan 10 02:17:06 +0000 2018,0.116,0.884,@nytimes,0.0,"RT @nytopinion: ""Lady Bird"" writer-director Greta Gerwig tells @frankbruni that she regrets having worked with Woody Allen and wouldn't do‚Ä¶"
0.0,Wed Jan 10 02:02:05 +0000 2018,0.0,1.0,@nytimes,0.0,Evening Briefing: Here's what you need to know at the end of the day https://t.co/xcJ25JTwE5
0.0,Wed Jan 10 01:47:06 +0000 2018,0.0,1.0,@nytimes,0.0,Maggie Nichols says she was first to report Dr. Larry Nassar to USA Gymnastics https://t.co/VhBv9fVXlP
-0.8555,Wed Jan 10 01:32:04 +0000 2018,0.331,0.669,@nytimes,0.0,Southern California is grappling with a new disaster. At least 13 people are dead after rain turned fire-ravaged hi‚Ä¶ https://t.co/Eqn8QX9Ejv
0.0,Wed Jan 10 01:17:02 +0000 2018,0.0,1.0,@nytimes,0.0,"RT @nytopinion: When Buzzfeed decided to publish the Steele dossier on Trump and Russia, NBC‚Äôs Chuck Todd told me on air: ‚ÄúYou just publish‚Ä¶"
-0.5574,Wed Jan 10 01:02:04 +0000 2018,0.167,0.833,@nytimes,0.0,"Britain's ban on manufacturing face scrubs, shower gels and other products with microbeads has taken effect. The sm‚Ä¶ https://t.co/CdWgt5UmcT"
0.0,Wed Jan 10 00:47:04 +0000 2018,0.0,1.0,@nytimes,0.0,The Trump administration has ruled out drilling for oil and gas off the coast of Florida after opposition from the‚Ä¶ https://t.co/2nV7JEvAbw
0.3818,Wed Jan 10 00:32:07 +0000 2018,0.0,0.822,@nytimes,0.178,Japan is scrambling to ensure it has a future in an electric-car world https://t.co/tddD2IvQRo
0.0,Wed Jan 10 00:17:04 +0000 2018,0.0,1.0,@nytimes,0.0,RT @NYTNational: Officials on the U.S. Virgin Islands said Tuesday that 92 percent of customers have power. But there's still a long way to‚Ä¶
0.0,Wed Jan 10 00:06:05 +0000 2018,0.0,1.0,@nytimes,0.0,Evening Briefing: Here's what you need to know at the end of the day https://t.co/SahpejTJM0
-0.2263,Tue Jan 09 23:53:00 +0000 2018,0.128,0.872,@nytimes,0.0,Federal judges declared the map unconstitutionally gerrymandered and demanded the Republican-controlled General Ass‚Ä¶ https://t.co/P5HVvahHdU
0.5267,Tue Jan 09 23:44:46 +0000 2018,0.0,0.841,@nytimes,0.159,"Breaking News: In the first decision of its kind, federal judges threw out North Carolina‚Äôs congressional map, sayi‚Ä¶ https://t.co/oMPNs34XfZ"
0.4215,Tue Jan 09 23:32:03 +0000 2018,0.0,0.798,@nytimes,0.202,"A new 3-D videomicroscope gives surgeons ""Superman eyes"" and helps them perform and teach delicate brain operations https://t.co/3s98HARVkI"
-0.128,Tue Jan 09 23:17:04 +0000 2018,0.126,0.729,@nytimes,0.146,RT @NYTScience: SpaceX launched something on Sunday. That's about all we know for certain. But it appears something went wrong. https://t.c‚Ä¶
-0.3818,Tue Jan 09 23:02:57 +0000 2018,0.191,0.809,@nytimes,0.0,How Texas beat Yale in the battle for Arthur Miller‚Äôs archives https://t.co/kQEswe4mgz
0.7717,Tue Jan 09 22:47:07 +0000 2018,0.0,0.588,@nytimes,0.412,"‚ÄúIncredible, unbelievable, magical, sensational‚Äù: Snowfall in the Sahara creates a landscape of frozen beauty https://t.co/pUKlYPUtdo"
0.0,Tue Jan 09 22:32:50 +0000 2018,0.0,1.0,@nytimes,0.0,"Acting on her own, Senator Dianne Feinstein released the transcript of the Judiciary Committee's interview with Fus‚Ä¶ https://t.co/OOvY2uZCvv"
-0.5859,Tue Jan 09 22:17:03 +0000 2018,0.275,0.725,@nytimes,0.0,Many preschool teachers live on the edge of financial ruin https://t.co/gQytjEHy2R
0.0,Tue Jan 09 22:03:02 +0000 2018,0.0,1.0,@nytimes,0.0,RT @nytvideo: Steve Bannon is stepping down from his post as executive chairman of Breitbart News. We look at how his relationship with Pre‚Ä¶
0.4215,Tue Jan 09 21:50:07 +0000 2018,0.0,0.872,@nytimes,0.128,"During extremely cold weather, the subway, by virtue of being open and heated 24 hours a day, transforms into rolli‚Ä¶ https://t.co/9pNtNoLR9a"
0.3415,Tue Jan 09 21:35:07 +0000 2018,0.0,0.833,@nytimes,0.167,The kind of comforting meal to eat on a cold winter night https://t.co/U7VBrAOqNI https://t.co/G00w0SOVFW
0.3034,Tue Jan 09 21:26:07 +0000 2018,0.0,0.801,@nytimes,0.199,"RT @jwpetersNYT: EXCLUSIVE: Steve Bannon is out at Breitbart.
 https://t.co/ApGCcNh8R5"
0.5574,Tue Jan 09 21:20:11 +0000 2018,0.092,0.658,@nytimes,0.25,"Republicans in Congress are rushing to retire, a clear recognition that Trump‚Äôs low approval rating will be a heavy‚Ä¶ https://t.co/8JQJVysPwI"
0.0,Tue Jan 09 21:07:02 +0000 2018,0.0,1.0,@nytimes,0.0,Bannon‚Äôs departure comes as he remained unable to quell the furor over remarks attributed to him in a new book in w‚Ä¶ https://t.co/CN9ccsr71E
0.1027,Tue Jan 09 21:04:54 +0000 2018,0.105,0.773,@nytimes,0.123,Breaking News: Stephen Bannon is leaving his post at Breitbart News. He lost support among conservative backers aft‚Ä¶ https://t.co/F8bt5UEmqp
-0.5267,Tue Jan 09 20:55:09 +0000 2018,0.167,0.833,@nytimes,0.0,The government of Wales has a question for parents: Is it ever right to physically punish your children? https://t.co/FiJBME1Of9
-0.4019,Tue Jan 09 20:40:11 +0000 2018,0.119,0.881,@nytimes,0.0,"In a Louisiana town, racial tensions felt nationwide hit home for a young mother. ‚ÄúWhen my son told me he wasn‚Äôt al‚Ä¶ https://t.co/WLKqKPc67c"
0.4003,Tue Jan 09 20:37:09 +0000 2018,0.0,0.87,@nytimes,0.13,It may have been an irresistible headline: Radiohead sues Lana Del Rey! But the reality is more complicated. https://t.co/CJ6JsE6aZo
0.2732,Tue Jan 09 20:22:06 +0000 2018,0.0,0.861,@nytimes,0.139,"Snow in the Sahara creates a frozen, alien landscape right here on Earth https://t.co/nkjIwn6gZ6 https://t.co/LYMAbLudiN"
0.0,Tue Jan 09 20:07:07 +0000 2018,0.0,1.0,@nytimes,0.0,A teacher was wrestled to the floor and handcuffed after asking why the superintendent was getting a raise while ed‚Ä¶ https://t.co/xbZQHPlRP0
-0.4767,Tue Jan 09 19:58:04 +0000 2018,0.278,0.537,@nytimes,0.185,"RT @SarahMaslinNir: Having covered crash after crash where innocent New Yorkers die just crossing the street, it is a joy to report that pe‚Ä¶"
-0.0516,Tue Jan 09 19:52:04 +0000 2018,0.059,0.941,@nytimes,0.0,"John Dickerson will leave ""Face the Nation"" to replace Charlie Rose as the third co-host on ‚ÄúCBS This Morning"" https://t.co/lHE9YUUHxh"
0.0,Tue Jan 09 19:37:03 +0000 2018,0.0,1.0,@nytimes,0.0,"In a new documentary series, Tom Brady allows a filmmaker to pull back the curtain on his private life https://t.co/R9eRREqVeM"
-0.6486,Tue Jan 09 19:22:04 +0000 2018,0.223,0.777,@nytimes,0.0,At least 5 people are dead as heavy rains triggered mudslides along the Southern California coast https://t.co/fr0cYjNozo
-0.6908,Tue Jan 09 19:07:01 +0000 2018,0.275,0.725,@nytimes,0.0,"Microbeads are now banned in the U.K. What are they, and what's the problem with them?
 https://t.co/B6XKUNGo8a"
0.25,Tue Jan 09 18:52:26 +0000 2018,0.0,0.9,@nytimes,0.1,"Trump repeatedly went back to his call for a broad and comprehensive immigration bill, even as Democratic and Repub‚Ä¶ https://t.co/8WkOYdtmA2"
0.0,Tue Jan 09 18:47:07 +0000 2018,0.0,1.0,@nytimes,0.0,Breaking News: Trump said he was open to a broad deal that addresses the status of millions of undocumented immigra‚Ä¶ https://t.co/k4XaCQY1QH
0.7096,Tue Jan 09 18:33:08 +0000 2018,0.0,0.763,@nytimes,0.237,"In a visit to China, Emmanuel Macron offered the gift of a horse ‚Äî and repeated one of his favorite jabs at Trump,‚Ä¶ https://t.co/kDm28GXN8i"
0.0,Tue Jan 09 18:23:33 +0000 2018,0.0,1.0,@nytimes,0.0,"RT @mairalg: How have @nytimes readers reacted to the news about the Met's new admission policy? Some say the change is necessary, some say‚Ä¶"
0.0,Tue Jan 09 18:10:13 +0000 2018,0.0,1.0,@nytimes,0.0,Opinion: A worldwide influenza pandemic is literally the worst-case scenario in public health ‚Äî yet far from an unt‚Ä¶ https://t.co/jnrso0je8P
-0.4215,Tue Jan 09 18:00:04 +0000 2018,0.191,0.719,@nytimes,0.09,"RT @nytvideo: ‚ÄúWhen my son told me he wasn‚Äôt allowed to kneel, I cried like a baby.‚Äù In a Louisiana town, the racial tensions felt nationwi‚Ä¶"
0.2263,Tue Jan 09 17:50:48 +0000 2018,0.0,0.899,@nytimes,0.101,"Breaking News: Joe Arpaio, the former Arizona sheriff and immigration hard-liner who was pardoned by President Trum‚Ä¶ https://t.co/q0q71bU2VN"
-0.296,Tue Jan 09 17:40:14 +0000 2018,0.121,0.879,@nytimes,0.0,Casa Xochiquetzal is no ordinary house: It's a shelter for women who spent their lives as prostitutes‚Ä¶ https://t.co/ZOIZxMAZF4
0.4767,Tue Jan 09 17:25:05 +0000 2018,0.0,0.829,@nytimes,0.171,"Opinion: Ironically, if Salvadorans are deported, a primary beneficiary will be one of Trump's most-stated enemies:‚Ä¶ https://t.co/mwBb9PZmMw"
-0.7717,Tue Jan 09 17:10:07 +0000 2018,0.309,0.691,@nytimes,0.0,Mudslides and floods threatened lives and property in Southern California that faced destruction from wildfires jus‚Ä¶ https://t.co/Ez46yzQyVG
0.4939,Tue Jan 09 16:55:10 +0000 2018,0.0,0.868,@nytimes,0.132,"Trump is planning to travel to Davos for the World Economic Forum, an event that is synonymous with wealth and elit‚Ä¶ https://t.co/Cef6kQjkMf"
0.0,Tue Jan 09 16:40:11 +0000 2018,0.0,1.0,@nytimes,0.0,"GOP House retirements are way ahead of schedule, but that means less for Democrats than you might expect https://t.co/ki9ZVgKnb3"
-0.0534,Tue Jan 09 16:30:11 +0000 2018,0.144,0.72,@nytimes,0.136,"As President Trump pushes a border wall, his spending plan shifts funds from more effective ways to curb illegal im‚Ä¶ https://t.co/Wvacpd9NvM"
-0.3612,Tue Jan 09 16:16:09 +0000 2018,0.135,0.865,@nytimes,0.0,"At first glance, a $4,000 treadmill seems ridiculous. But it offers lessons for the future of gadgets. https://t.co/dWklBaMttD"
0.0,Tue Jan 09 16:01:07 +0000 2018,0.0,1.0,@nytimes,0.0,"Opinion: We are counting on Trump‚Äôs cabinet to be the adults in the room, but they‚Äôve become enablers https://t.co/1T16Oo2gra"
-0.0534,Tue Jan 09 15:46:08 +0000 2018,0.144,0.72,@nytimes,0.136,"As Trump pushes a border wall, his spending plan shifts funds from more effective ways to curb illegal immigration, experts say"
-0.4939,Tue Jan 09 15:29:04 +0000 2018,0.176,0.824,@nytimes,0.0,"In 2017, extreme weather events caused a total of $306 billion in damage in the U.S. https://t.co/2GnTQJMzSN"
0.5267,Tue Jan 09 15:16:06 +0000 2018,0.0,0.848,@nytimes,0.152,"""Sports diplomacy is a sexy affair,"" said a Korea expert. ""Pyongyang has all the reason to jazz up the Winter Olymp‚Ä¶ https://t.co/dNCoR48qFb"
0.0,Tue Jan 09 15:00:33 +0000 2018,0.0,1.0,@nytimes,0.0,Morning¬†Briefing: Here's what you need to know to start your day https://t.co/6QFoORaYi0 https://t.co/pZbOvAPYdO
-0.0258,Tue Jan 09 14:45:11 +0000 2018,0.052,0.948,@nytimes,0.0,"When New York freezes over, the subway becomes a rolling refuge for the homeless. On Sunday, one train had 45 peopl‚Ä¶ https://t.co/SK9gR7let9"
0.0,Tue Jan 09 14:31:04 +0000 2018,0.0,1.0,@nytimes,0.0,"Opinion: Oprah, don't do it https://t.co/x1tRDUYXfZ"
-0.6597,Tue Jan 09 14:00:27 +0000 2018,0.231,0.769,@nytimes,0.0,"""One danger of TV savvy as a political tool is that it makes politics about delivering whatever agitation keeps the‚Ä¶ https://t.co/ofHbPXnS2M"
0.4019,Tue Jan 09 13:50:08 +0000 2018,0.0,0.886,@nytimes,0.114,"""The person who told me said, ‚ÄòAre you sitting down?‚Äô and I said yes, and they said, ‚ÄòWe have just received a cease‚Ä¶ https://t.co/5lFU0sDyOe"
-0.7269,Tue Jan 09 13:40:13 +0000 2018,0.217,0.783,@nytimes,0.0,"""Her heart was attacked in 2014 when her daddy was choked and begged 11 times for his life and they would never let‚Ä¶ https://t.co/gy5Yj1wlS9"
-0.296,Tue Jan 09 13:30:15 +0000 2018,0.109,0.891,@nytimes,0.0,"""There are no Americans out there to take the jobs,"" said the vice president at a Washington-area plumbing, heating‚Ä¶ https://t.co/a62tDut0Y0"
-0.5719,Tue Jan 09 13:20:08 +0000 2018,0.198,0.802,@nytimes,0.0,The @nytimesbooks review of ‚ÄúFire and Fury: Inside the Trump White House‚Äù by Michael Wolff https://t.co/TrZsHu5CZk
-0.2732,Tue Jan 09 13:11:06 +0000 2018,0.095,0.905,@nytimes,0.0,"At a speech to farmers in Nashville, President Trump claimed he had cut taxes by $5.5 trillion instead of the actua‚Ä¶ https://t.co/nrFUDQBV1H"
0.0,Tue Jan 09 13:00:25 +0000 2018,0.0,1.0,@nytimes,0.0,Morning¬†Briefing: Here's what you need to know to start your day https://t.co/SbdKcRJIuV https://t.co/wkaUsW1X4G
-0.4404,Tue Jan 09 12:51:05 +0000 2018,0.139,0.861,@nytimes,0.0,Fusion GPS quietly compiled the notorious dossier of possible links between President Trump and Russia. Then it bec‚Ä¶ https://t.co/JSXqsXSWy4
0.2732,Tue Jan 09 12:40:11 +0000 2018,0.0,0.89,@nytimes,0.11,"North Korea agreed to send athletes to the Winter Olympics in South Korea, a symbolic breakthrough after escalating‚Ä¶ https://t.co/pUnZdM8bye"
0.0,Tue Jan 09 12:30:18 +0000 2018,0.0,1.0,@nytimes,0.0,"Opinion: ""Anti-Trump lowbrowism burst into full bloom with the Wolff book"" https://t.co/3FObpDEIaU"
0.4404,Tue Jan 09 12:22:02 +0000 2018,0.0,0.847,@nytimes,0.153,President Trump's appearance at the College Football Playoff championship game seemed intended to emphasize his cri‚Ä¶ https://t.co/iavqJo6vYI
0.6486,Tue Jan 09 12:10:06 +0000 2018,0.0,0.782,@nytimes,0.218,"RT @NYTSports: Alabama has its 5th national title in 9 years, and Nick Saban has a true freshman backup quarterback to thank. https://t.co/‚Ä¶"
-0.1027,Tue Jan 09 12:00:16 +0000 2018,0.076,0.924,@nytimes,0.0,"Stephen Colbert said it was hard to call Oprah Winfrey‚Äôs Golden Globes speech ""presidential,"" considering the state‚Ä¶ https://t.co/XTggoyEoeH"
0.7269,Tue Jan 09 11:46:02 +0000 2018,0.0,0.775,@nytimes,0.225,"RT @nytopinion: The president of the United States, leader of the free world and famously the first pet-less commander in chief since Thoma‚Ä¶"
0.0,Tue Jan 09 11:30:06 +0000 2018,0.0,1.0,@nytimes,0.0,Morning¬†Briefing: Here's what you need to know to start your day https://t.co/2FaqL7VegF https://t.co/QEpuhm3FuL
0.5801,Tue Jan 09 11:15:08 +0000 2018,0.053,0.753,@nytimes,0.194,"""We had hope that if we worked hard, paid our taxes and didn't get in trouble we would be allowed to stay""  https://t.co/qZkmrMp1eb"
0.0,Tue Jan 09 11:01:59 +0000 2018,0.0,1.0,@nytimes,0.0,"RT @nytimesarts: ‚ÄúThe Shape of Water‚Äù picked up 12 nominations for the British equivalent of the Oscars, the #EEBAFTAs https://t.co/bkKTTWZ‚Ä¶"
-0.5267,Tue Jan 09 11:00:15 +0000 2018,0.175,0.825,@nytimes,0.0,At least 226 people were hurt after a train smashed into another at a station in South Africa https://t.co/CzVD3VgFKX
-0.4767,Tue Jan 09 10:44:07 +0000 2018,0.124,0.876,@nytimes,0.0,"The main Russian air and naval bases in Syria beat back an attack by 13 armed drones over the weekend, the Russian‚Ä¶ https://t.co/6bn50eHQae"
-0.6517,Tue Jan 09 10:30:18 +0000 2018,0.21,0.79,@nytimes,0.0,South Korea said that it would not undo an agreement with Japan to shelve a longtime dispute over women who were fo‚Ä¶ https://t.co/GLpgyoxRuo
0.4588,Tue Jan 09 10:15:05 +0000 2018,0.0,0.87,@nytimes,0.13,Publicists guiding male clients through this unusual awards season said it was highly likely that some of the men w‚Ä¶ https://t.co/NQkaDrxCRi
0.1531,Tue Jan 09 10:00:25 +0000 2018,0.088,0.798,@nytimes,0.113,"Trump's lawyers are assessing the risks of allowing him to be interviewed by the special counsel, who told them a r‚Ä¶ https://t.co/aIc1T9goRj"
0.3182,Tue Jan 09 09:46:05 +0000 2018,0.0,0.892,@nytimes,0.108,H&amp;M apologized for an image that showed a black child model wearing a sweatshirt that said ‚Äúcoolest monkey in the j‚Ä¶ https://t.co/4ridnJIp6k
0.2732,Tue Jan 09 09:30:09 +0000 2018,0.086,0.784,@nytimes,0.129,"RT @nytimesworld: Footage of the rescue operations, taken on a camera worn by rescuers from the Italian Coast Guard, shows dozens of people‚Ä¶"
-0.0258,Tue Jan 09 09:15:07 +0000 2018,0.116,0.773,@nytimes,0.112,"Despite promises of reform and mounting losses, FIFA paid members of its ruling council nearly $10 million last year https://t.co/5HBeNz1e2q"
-0.2755,Tue Jan 09 09:01:06 +0000 2018,0.095,0.905,@nytimes,0.0,RT @austinramzy: A free-trade zone on the China-Kazakh border is open to just about anyone who doesn't look like a devout Muslim https://t.‚Ä¶
0.128,Tue Jan 09 08:46:05 +0000 2018,0.131,0.717,@nytimes,0.152,"Here's what 3 towns in Mexico ‚Äî an avocado hub, a rich commercial city and a poor suburb near the capital ‚Äî reveal‚Ä¶ https://t.co/IILJRqQu9J"
0.0,Tue Jan 09 08:33:09 +0000 2018,0.0,1.0,@nytimes,0.0,Thailand‚Äôs prime minister evaded journalists‚Äô questions by turning to a cardboard cutout of him and telling the rep‚Ä¶ https://t.co/GoWgCVuAWw
-0.6597,Tue Jan 09 08:16:05 +0000 2018,0.252,0.748,@nytimes,0.0,A toymaker settles charges that it had collected digital data on children without parents' permission and failed to‚Ä¶ https://t.co/Wr7VIgS6sD
0.0387,Tue Jan 09 08:01:05 +0000 2018,0.0,0.946,@nytimes,0.054,"Sneer at celebrity all you want, but elections are contests of stories, and Oprah showed that she can tell one,‚Ä¶ https://t.co/LVMWMuRRoZ"
-0.296,Tue Jan 09 07:46:01 +0000 2018,0.091,0.909,@nytimes,0.0,"""Unless the wall is 35,000 feet high, it's not going to do much to stop those overstaying these visas,"" said an imm‚Ä¶ https://t.co/Byprqe7fus"
-0.34,Tue Jan 09 07:31:09 +0000 2018,0.13,0.87,@nytimes,0.0,A Mexican governor accuses President Pe√±a Nieto's government of withholding funds for his state to halt a corruptio‚Ä¶ https://t.co/egiH6HHBE1
0.4019,Tue Jan 09 07:16:04 +0000 2018,0.0,0.886,@nytimes,0.114,"""The person who told me said, ‚ÄòAre you sitting down?‚Äô and I said yes, and they said, ‚ÄòWe have just received a cease‚Ä¶ https://t.co/UQktwHbKnF"
-0.4019,Tue Jan 09 07:01:12 +0000 2018,0.184,0.816,@nytimes,0.0,Multilevel marketers once found salvation in China. Now they now face peril. https://t.co/74kNYFUnOa
0.0,Tue Jan 09 06:46:05 +0000 2018,0.0,1.0,@nytimes,0.0,"First Trump, then Oprah? ""Other than 'we all get a car,' what will an Oprah presidency look like?"" a Democratic str‚Ä¶ https://t.co/lnYW6RGyce"
-0.5719,Tue Jan 09 06:31:50 +0000 2018,0.198,0.802,@nytimes,0.0,The @nytimesbooks review of ‚ÄúFire and Fury: Inside the Trump White House‚Äù by Michael Wolff https://t.co/ZUBCnZC2m2
0.0,Tue Jan 09 06:17:06 +0000 2018,0.0,1.0,@nytimes,0.0,"Indians who are gay ""should never remain in a state of fear,"" and that ""societal morality also changes from age to‚Ä¶ https://t.co/Ih3K1kxj2M"
-0.079,Tue Jan 09 06:02:06 +0000 2018,0.054,0.946,@nytimes,0.0,"RT @juliebosman: Things have gotten a little awkward in Topeka. Six months ago, Gov. Sam Brownback said he was leaving for a new job in Was‚Ä¶"
-0.4404,Tue Jan 09 05:47:02 +0000 2018,0.127,0.873,@nytimes,0.0,"The stock market has surged. Unemployment is at 4.1%. ISIS has largely been vanquished from Iraq and Syria. 

But d‚Ä¶ https://t.co/wHhUuuJ4l0"
0.0,Tue Jan 09 05:32:01 +0000 2018,0.0,1.0,@nytimes,0.0,"Some 15,000 public housing residents did not have heat at some point during NYC's recent snowstorm https://t.co/7f2TaWQXN9"
